ResID,SeqID,mean,mean.CI_Lower,mean.CI_Upper,Nhist
1,782,5.1931199999999995,3.78,6.789999999999999,36.0
15,796,2.24185,1.87,2.62,27.0
21,802,15.179619999999998,12.82,17.68,6.0
22,803,3.07646,2.27,3.9810000000000003,14.0
30,811,,,,
42,823,,,,
63,844,16.22484,13.229000000000001,19.241,116.0
65,846,2.90941,2.44,3.37,17.0
83,864,,,,
89,870,,,,
122,903,,,,
134,915,,,,
135,916,,,,
161,942,22.91554,15.107,31.302,49.0
162,943,1.0362799999999999,0.9390000000000001,1.131,13.0
167,948,23.99688,19.687,28.580999999999996,6.0
168,949,9.87201,6.408,14.579999999999998,142.0
186,967,,,,
188,969,,,,
198,979,,,,
207,988,,,,
224,1005,,,,
242,1023,8.899209999999998,7.209,10.7,103.0
243,1024,7.72043,5.5,10.13,151.0
244,1025,25.77962,16.364,35.541,59.0
245,1026,3.0335600000000005,2.029,4.121,141.0
250,1031,,,,
284,1065,,,,
287,1068,,,,
297,1078,,,,
306,1087,,,,
334,1115,12.25944,9.369,15.29,134.0
340,1121,,,,
353,1134,,,,
366,1147,,,,
373,1154,,,,
378,1159,,,,
395,1176,,,,
420,1201,7.316439999999999,5.728000000000001,8.991,140.0
423,1204,15.654770000000001,10.54,21.692,116.0
443,1224,,,,
475,1256,,,,
481,1262,,,,
486,1267,,,,
488,1269,,,,
513,1294,35.29714,24.104,47.071000000000005,22.0
514,1295,,,,
529,1310,0.5,0.5,0.5,5.0
537,1318,,,,
548,1329,,,,
554,1335,,,,
559,1340,,,,
565,1346,,,,
566,1347,,,,
569,1350,,,,
570,1351,,,,
572,1353,,,,
574,1355,,,,
577,1358,,,,
579,1360,,,,
589,1497,4.507560000000001,3.258,5.99,202.0
610,1518,1.4314399999999998,1.2389999999999999,1.64,27.0
613,1521,,,,
617,1525,,,,
620,1528,,,,
630,1538,,,,
639,1547,,,,
644,1552,,,,
645,1553,,,,
667,1575,,,,
680,1664,,,,
687,1671,26.72759,20.2,33.702,46.0
690,1674,16.44457,9.04,25.471,24.0
693,1677,,,,
740,1724,14.28486,10.4,18.421000000000003,87.0
743,1727,329.72309,259.904,405.22600000000006,6.0
744,1728,50.67181,36.522,65.003,38.0
760,1744,,,,
777,1761,,,,
778,1762,,,,
782,1766,,,,
788,1772,,,,
794,1778,,,,
800,1784,,,,
813,1797,13.191189999999999,9.097999999999999,17.400999999999996,85.0
832,1960,6.18504,5.05,7.351,82.0
841,1969,2.22681,1.74,2.75,60.0
843,1971,,,,
872,2000,,,,
907,2035,,,,
912,2040,54.470270000000006,42.319,67.206,36.0
913,2041,23.69848,18.858999999999998,28.580999999999996,36.0
918,2046,,,,
943,2071,,,,
958,2086,,,,
970,2098,,,,
976,2104,9.50177,7.169,11.871,114.0
984,2112,,,,
985,2113,,,,
998,2126,,,,
1007,2135,,,,
1038,2166,,,,
1041,2169,,,,
1045,2173,,,,
1046,2174,,,,
1051,2179,3.33315,2.89,3.81,12.0
1054,2182,16.731620000000003,13.15,20.5,68.0
1055,2183,16.973059999999997,11.658000000000001,22.552,56.0
1056,2184,6.65246,4.158,9.382000000000001,70.0
1057,2185,87.58434,38.419000000000004,130.23,21.0
1060,2188,,,,
1086,2214,,,,
1103,2231,,,,
1167,2295,,,,
1173,2301,,,,
1177,2305,,,,
1190,2318,,,,
1197,2325,,,,
1201,2329,,,,
1211,2339,,,,
1223,2351,,,,
1224,2352,,,,
1233,2361,,,,
1246,2374,,,,
1249,2377,,,,
1260,2388,,,,
1274,2402,,,,
1278,2406,,,,
1279,2407,,,,
1294,2422,,,,
1310,2438,,,,
1324,2452,,,,
1351,2479,,,,
1354,2482,,,,
1374,2502,,,,
1377,2505,,,,
1386,2514,,,,
1389,2517,10.52841,7.489000000000001,13.844000000000001,135.0
1400,2528,,,,
1406,2534,,,,
1413,2541,,,,
1416,2544,,,,
1418,2546,,,,
1419,782,3.8134200000000003,3.22,4.45,25.0
1433,796,6.1840399999999995,5.19,7.210000000000001,49.0
1439,802,16.82378,11.02,23.043,52.0
1440,803,21.25781,11.999,31.732000000000006,90.0
1448,811,,,,
1460,823,,,,
1481,844,12.151729999999999,9.85,14.561,57.0
1483,846,,,,
1501,864,,,,
1507,870,,,,
1540,903,,,,
1552,915,,,,
1553,916,,,,
1579,942,,,,
1580,943,6.1625,4.749,7.581,52.0
1585,948,46.80832,37.319,56.94,33.0
1586,949,2.30934,1.92,2.72,46.0
1604,967,4.43229,2.85,6.221,97.0
1606,969,1.2268000000000001,1.14,1.31,11.0
1616,979,,,,1.0
1625,988,,,,
1642,1005,,,,
1660,1023,15.69594,10.547,21.481,40.0
1661,1024,,,,
1662,1025,8.93329,6.789000000000001,11.18,152.0
1663,1026,49.31616,38.878,59.981,40.0
1668,1031,4.927359999999999,2.729,7.442,227.0
1702,1065,,,,
1705,1068,,,,
1715,1078,,,,
1724,1087,,,,
1752,1115,15.65634,13.448999999999998,18.03,38.0
1758,1121,1.17166,1.03,1.31,24.0
1771,1134,7.38016,5.098999999999999,9.702,167.0
1784,1147,,,,
1791,1154,,,,
1796,1159,,,,
1813,1176,,,,
1838,1201,,,,
1841,1204,,,,
1861,1224,,,,
1893,1256,,,,
1899,1262,,,,
1904,1267,,,,
1906,1269,,,,
1931,1294,7.25926,4.449000000000001,10.12,17.0
1932,1295,6.57273,3.37,10.344000000000001,95.0
1947,1310,,,,
1955,1318,,,,
1966,1329,,,,
1972,1335,,,,
1977,1340,,,,
1983,1346,18.302649999999996,12.185,24.81,47.0
1984,1347,,,,
1987,1350,7.009110000000001,3.95,10.52,82.0
1988,1351,7.03375,4.989000000000001,9.23,48.0
1990,1353,,,,
1992,1355,,,,
1995,1358,,,,
1997,1360,,,,
2007,1497,,,,
2028,1518,1.11705,1.01,1.22,13.0
2031,1521,,,,
2035,1525,,,,
2038,1528,,,,
2048,1538,,,,
2057,1547,,,,
2062,1552,,,,
2063,1553,,,,
2085,1575,,,,
2098,1664,,,,
2105,1671,10.266150000000001,7.518,13.421000000000001,67.0
2108,1674,6.84307,5.279,8.411000000000001,27.0
2111,1677,,,,
2158,1724,,,,3.0
2161,1727,12.26454,10.999,13.53,8.0
2162,1728,,,,3.0
2178,1744,,,,
2195,1761,,,,
2196,1762,,,,
2200,1766,,,,
2206,1772,,,,
2212,1778,,,,
2218,1784,,,,
2231,1797,,,,
2250,1960,,,,2.0
2259,1969,,,,
2261,1971,,,,
2290,2000,,,,
2325,2035,,,,
2330,2040,9.44243,4.97,14.540999999999999,110.0
2331,2041,44.69887,35.11900000000001,54.8,43.0
2336,2046,,,,
2361,2071,,,,
2376,2086,,,,
2388,2098,,,,
2394,2104,,,,
2402,2112,1.06876,0.99,1.15,21.0
2403,2113,45.879509999999996,34.573,58.386,37.0
2416,2126,,,,
2425,2135,,,,
2456,2166,,,,
2459,2169,,,,
2463,2173,,,,3.0
2464,2174,21.88264,17.29,26.7,86.0
2469,2179,2.10729,1.89,2.32,5.0
2472,2182,7.71188,4.768,11.071000000000002,229.0
2473,2183,32.016270000000006,20.034999999999997,44.605,58.0
2474,2184,13.07909,8.858,17.86,124.0
2475,2185,124.23285,106.164,141.93900000000002,16.0
2478,2188,,,,
2504,2214,,,,
2521,2231,,,,
2585,2295,,,,
2591,2301,,,,
2595,2305,,,,
2608,2318,,,,
2615,2325,,,,
2619,2329,,,,
2629,2339,,,,
2641,2351,,,,
2642,2352,,,,
2651,2361,,,,
2664,2374,,,,
2667,2377,,,,
2678,2388,,,,
2692,2402,,,,
2696,2406,,,,
2697,2407,,,,
2712,2422,,,,
2728,2438,,,,
2742,2452,,,,
2769,2479,,,,
2772,2482,,,,
2792,2502,,,,
2795,2505,,,,
2804,2514,,,,
2807,2517,,,,
2818,2528,,,,
2824,2534,,,,
2831,2541,,,,
2834,2544,,,,
2836,2546,,,,
2837,782,8.88626,7.69,10.211000000000002,7.0
2851,796,6.47897,5.07,7.983000000000001,182.0
2857,802,,,,
2858,803,4.891439999999999,4.2,5.58,15.0
2866,811,,,,
2878,823,,,,
2899,844,9.17117,6.64,11.851,179.0
2901,846,3.40936,2.8,4.02,10.0
2919,864,,,,
2925,870,,,,
2958,903,,,,
2970,915,,,,
2971,916,,,,
2997,942,57.490429999999996,32.957,82.40500000000002,30.0
2998,943,2.25834,1.969,2.58,4.0
3003,948,87.59407999999999,59.506,115.718,19.0
3004,949,,,,3.0
3022,967,,,,
3024,969,8.048350000000001,5.748,10.673000000000002,186.0
3034,979,43.56864,32.211,56.622,44.0
3043,988,23.742269999999998,15.86,31.701,8.0
3060,1005,,,,
3078,1023,9.367659999999999,4.6290000000000004,16.781000000000002,155.0
3079,1024,2.5938000000000003,1.96,3.29,155.0
3080,1025,16.606559999999998,12.658000000000001,20.621,104.0
3081,1026,11.757869999999999,9.027999999999999,14.572000000000001,138.0
3086,1031,6.94973,5.49,8.453,89.0
3120,1065,,,,
3123,1068,,,,
3133,1078,,,,
3142,1087,,,,
3170,1115,7.93595,5.859,10.211000000000002,208.0
3176,1121,0.79047,0.73,0.85,7.0
3189,1134,1.79852,1.57,2.03,7.0
3202,1147,,,,
3209,1154,,,,
3214,1159,,,,
3231,1176,,,,
3256,1201,20.56244,14.718,26.844,86.0
3259,1204,8.12326,6.38,9.96,134.0
3279,1224,,,,
3311,1256,,,,
3317,1262,,,,
3322,1267,,,,
3324,1269,,,,
3349,1294,3.0572000000000004,2.28,3.801,37.0
3350,1295,,,,
3365,1310,1.0545799999999999,0.97,1.14,9.0
3373,1318,,,,
3384,1329,,,,
3390,1335,18.58089,14.078000000000001,23.247,31.0
3395,1340,,,,
3401,1346,,,,
3402,1347,,,,
3405,1350,,,,
3406,1351,,,,
3408,1353,,,,
3410,1355,,,,
3413,1358,,,,
3415,1360,,,,
3425,1497,2.50354,2.0,3.03,13.0
3446,1518,2.5062200000000003,2.27,2.74,5.0
3449,1521,,,,
3453,1525,16.139670000000002,9.05,22.491,13.0
3456,1528,,,,
3466,1538,,,,
3475,1547,,,,
3480,1552,,,,
3481,1553,,,,
3503,1575,,,,
3516,1664,,,,
3523,1671,,,,
3526,1674,,,,
3529,1677,,,,
3576,1724,24.83203,18.099000000000004,31.580999999999996,14.0
3579,1727,116.03974,96.41,136.13,17.0
3580,1728,181.49746,161.37699999999998,202.852,11.0
3596,1744,,,,
3613,1761,,,,
3614,1762,,,,
3618,1766,,,,
3624,1772,,,,
3630,1778,,,,
3636,1784,,,,
3649,1797,3.4082200000000005,2.73,4.19,123.0
3668,1960,3.29572,2.65,3.9810000000000003,55.0
3677,1969,,,,
3679,1971,7.34199,6.5,8.181,6.0
3708,2000,,,,
3743,2035,,,,
3748,2040,96.75777000000001,64.83500000000001,131.195,20.0
3749,2041,80.60407000000001,60.503,103.12400000000001,23.0
3754,2046,,,,
3779,2071,,,,
3794,2086,,,,
3806,2098,,,,
3812,2104,36.04982,21.399,53.23700000000001,51.0
3820,2112,13.77938,7.658,21.933,120.0
3821,2113,95.25352,63.48,130.33700000000002,21.0
3834,2126,,,,
3843,2135,,,,
3874,2166,,,,
3877,2169,,,,
3881,2173,,,,
3882,2174,15.66425,12.309000000000001,19.22,69.0
3887,2179,32.04176,25.117,39.366,16.0
3890,2182,124.92022,85.81200000000001,168.775,16.0
3891,2183,10.27473,7.322000000000001,13.684000000000001,153.0
3892,2184,3.6686,2.9589999999999996,4.48,188.0
3893,2185,17.69916,13.536,22.45,97.0
3896,2188,,,,
3922,2214,,,,
3939,2231,,,,
4003,2295,,,,
4009,2301,,,,
4013,2305,,,,
4026,2318,,,,
4033,2325,,,,
4037,2329,,,,
4047,2339,,,,
4059,2351,,,,
4060,2352,,,,
4069,2361,,,,
4082,2374,,,,
4085,2377,,,,
4096,2388,,,,
4110,2402,,,,
4114,2406,,,,
4115,2407,,,,
4130,2422,,,,
4146,2438,,,,
4160,2452,,,,
4187,2479,,,,
4190,2482,,,,
4210,2502,,,,
4213,2505,,,,
4222,2514,,,,
4225,2517,1.0006700000000002,0.93,1.0610000000000004,8.0
4236,2528,,,,
4242,2534,,,,
4249,2541,,,,
4252,2544,,,,
4254,2546,,,,
