ResID,SeqID,All_Atom.ExpDist_Mean,All_Atom.ExpDist_RMSE,All_Atom.GammaDist_Mean,All_Atom.GammaDist_RMSE,All_Atom.GammaDist_k,All_Atom.Max_ResTime,All_Atom.N,All_Atom.Total_Occupancy,Coarse_Grain.ExpDist_Mean,Coarse_Grain.ExpDist_RMSE,Coarse_Grain.GammaDist_Mean,Coarse_Grain.GammaDist_RMSE,Coarse_Grain.GammaDist_k,Coarse_Grain.Max_ResTime,Coarse_Grain.N,Coarse_Grain.Total_Occupancy
1,782,,,,,,0.0,0.0,0.0,5.877165354330709,0.041875541101619444,5.7874284728629615,0.10310582389021698,7.9337654479296935,141.0,256.0,5212.0
15,796,5.376,0.05820016569186698,4.5979266053887455,0.3458658098980943,37.3129082548075,5.279999999999999,27.0,27.959999999999997,5.22214983713355,0.025112569880523784,5.156133267879311,0.06726561652947394,7.598943498326578,423.0,309.0,2012.0
21,802,6.24,0.04185390984789016,5.671146729003998,0.08755619092959009,4.958103927827657,19.08,42.0,95.16,,,,,,0.0,0.0,0.0
22,803,14.4,0.019063869108857854,10.42266132284216,0.018446064377221176,0.7526366502795304,64.67999999999999,12.0,108.0,,,,,,0.0,0.0,0.0
30,811,6.0,0.058053940670751016,4.363035174044315,0.22993485324862528,18.359043525718754,6.0,14.0,10.32,,,,,,0.0,0.0,0.0
42,823,,,,,,0.0,0.0,0.0,,,,,,0.0,0.0,0.0
63,844,5.565217391304348,0.04816774785241126,5.2591103666273,0.14203089403248026,9.599228604752872,12.0,71.0,95.39999999999999,5.006404391582799,0.029312771527477268,4.988246740967859,0.14376875770317724,24.994028678652516,320.0,1095.0,8186.0
65,846,7.753846153846154,0.03114574115847764,6.726076517322377,0.048116158229862,2.621935709505709,29.52,28.0,105.47999999999999,4.806134185303514,0.9233585122337651,,,,35.0,1567.0,3699.0
83,864,,,,,,0.0,0.0,0.0,,,,,,0.0,0.0,0.0
89,870,,,,,,0.0,0.0,0.0,,,,,,0.0,0.0,0.0
122,903,,,,,,0.0,0.0,0.0,,,,,,0.0,0.0,0.0
134,915,,,,,,0.0,0.0,0.0,,,,,,0.0,0.0,0.0
135,916,,,,,,0.0,0.0,0.0,,,,,,0.0,0.0,0.0
161,942,5.333333333333333,0.058188867733990936,4.88726441616067,0.28615703910218376,24.059184153350614,7.199999999999999,47.0,50.879999999999995,4.869818181818182,0.05783862186921765,4.799680954172635,,200.52652738807456,48.0,277.0,1071.0
162,943,5.485714285714285,0.04178126662630697,5.066437336474373,0.12861770572130185,10.007933983988881,17.16,51.0,82.56,5.0,0.9234214228049776,,,,6.0,50.0,73.0
167,948,6.063157894736841,0.03748141971240675,5.483513213840416,0.07879972374863659,4.841512730298352,19.32,40.0,67.56,4.820600858369099,0.9233591515991499,,,,11.0,468.0,729.0
168,949,6.917647058823529,0.034035329854679795,6.197600128961244,0.05623826111209109,2.9929517537240393,26.52,36.0,93.36,4.831730769230769,0.04757289493705202,4.82014249929172,,213.54711092808557,85.0,1666.0,9120.0
186,967,6.568421052631579,0.03739595321953716,5.398295081804922,0.06769991760913519,3.4169897176252535,22.439999999999998,21.0,44.04,,,,,,0.0,0.0,0.0
188,969,5.672727272727273,0.9243640703465674,,,,2.6399999999999997,13.0,8.64,4.869064748201438,0.9233662330830131,4.73142857142857,,3209144587989811.0,4.0,141.0,182.0
198,979,5.036065573770491,0.05801603543399477,4.719453962188898,0.5479524281138631,89.36461835376767,5.88,63.0,42.12,9.6,0.9368197229466007,,,,1.0,4.0,4.0
207,988,,,,,,0.0,0.0,0.0,,,,,,0.0,0.0,0.0
224,1005,,,,,,0.0,0.0,0.0,,,,,,0.0,0.0,0.0
242,1023,12.399999999999999,0.02485275217043211,9.277296451239668,0.03069590675820539,1.4232206412037842,40.32,14.0,105.36,11.016867469879516,0.018671252559754846,10.780582945886794,0.021707366988034257,1.5126704122735428,664.0,168.0,11288.0
243,1024,9.6,0.9368197229466007,,,,0.36,4.0,0.72,4.815376401494928,0.05776634714716436,4.805108859747205,,678.0685670416897,48.0,1875.0,8961.0
244,1025,4.8,0.9233584497559495,,,,0.12,1.0,0.12,4.809186602870814,0.05775766320375106,4.799994429482551,,1509.7792984370535,52.0,2092.0,7620.0
245,1026,12.184615384615382,0.019354444431056363,9.481337595027323,0.018167453392430793,0.7592882208879012,69.6,15.0,106.08,5.3999999999999995,0.9238680943505209,4.235294117647058,,-2849934139195392.0,1.0,18.0,18.0
250,1031,6.533333333333333,0.04177589896809495,5.876516086280603,0.08453334134231473,4.775265489011312,15.959999999999999,38.0,100.67999999999999,5.833992094861659,0.031673801934463564,5.789676688279628,0.06466787718232174,4.815916465869579,258.0,508.0,8184.0
284,1065,,,,,,0.0,0.0,0.0,,,,,,0.0,0.0,0.0
287,1068,,,,,,0.0,0.0,0.0,,,,,,0.0,0.0,0.0
297,1078,,,,,,0.0,0.0,0.0,,,,,,0.0,0.0,0.0
306,1087,,,,,,0.0,0.0,0.0,,,,,,0.0,0.0,0.0
334,1115,9.333333333333334,0.03563887574073017,7.6125089234499415,0.05379996621362939,2.55590258245105,21.24,20.0,107.28,4.8129729729729736,0.057762986735604066,4.79566970610352,,1602.8295957998673,41.0,1112.0,2289.0
340,1121,,,,,,0.0,0.0,0.0,,,,,,0.0,0.0,0.0
353,1134,19.885714285714283,0.022331366503458946,12.494962814510949,0.025003000900870834,0.8753518789866586,33.72,9.0,108.83999999999999,4.8,0.9233584497559495,,,,6.0,2.0,9.0
366,1147,5.279999999999999,0.058170243777918254,4.632818851837083,0.3806283888624932,44.558298552548244,5.04,32.0,33.12,,,,,,0.0,0.0,0.0
373,1154,14.399999999999999,0.02150086818430245,10.667866863333812,0.02209977173297242,0.8708597680984765,51.12,13.0,108.6,,,,,,0.0,0.0,0.0
378,1159,8.0,0.05533365874978461,4.345613618452499,0.13884872078299496,6.095245349823167,8.16,8.0,18.48,,,,,,0.0,0.0,0.0
395,1176,,,,,,0.0,0.0,0.0,,,,,,0.0,0.0,0.0
420,1201,10.56,0.03460190635683669,8.28915973741452,0.05032948289731295,2.3107113014647833,20.279999999999998,17.0,108.11999999999999,4.8617647058823525,0.0578283892227525,4.826217030954943,0.7402557872701682,159.57396085629046,50.0,546.0,2292.0
423,1204,5.6,0.04817751357714963,5.246514703496949,0.15618049485059957,11.743172269065477,12.719999999999999,62.0,86.52,4.903225806451613,0.9233756743013564,,,,8.0,95.0,143.0
443,1224,,,,,,0.0,0.0,0.0,,,,,,0.0,0.0,0.0
475,1256,,,,,,0.0,0.0,0.0,,,,,,0.0,0.0,0.0
481,1262,,,,,,0.0,0.0,0.0,,,,,,0.0,0.0,0.0
486,1267,,,,,,0.0,0.0,0.0,,,,,,0.0,0.0,0.0
488,1269,,,,,,0.0,0.0,0.0,,,,,,0.0,0.0,0.0
513,1294,8.727272727272727,0.030584911768048038,7.424698547016919,0.0382815146117941,1.568409231381456,33.12,24.0,106.2,,,,,,0.0,0.0,0.0
514,1295,5.64,0.04818703606801347,5.116711915892165,0.15602746254088734,11.211284891208539,13.44,42.0,59.76,,,,,,0.0,0.0,0.0
529,1310,,,,,,0.0,0.0,0.0,4.988235294117646,0.9234144107389132,,,,5.0,53.0,67.0
537,1318,,,,,,0.0,0.0,0.0,,,,,,0.0,0.0,0.0
548,1329,,,,,,0.0,0.0,0.0,,,,,,0.0,0.0,0.0
554,1335,,,,,,0.0,0.0,0.0,,,,,,0.0,0.0,0.0
559,1340,,,,,,0.0,0.0,0.0,,,,,,0.0,0.0,0.0
565,1346,,,,,,0.0,0.0,0.0,,,,,,0.0,0.0,0.0
566,1347,,,,,,0.0,0.0,0.0,,,,,,0.0,0.0,0.0
569,1350,,,,,,0.0,0.0,0.0,,,,,,0.0,0.0,0.0
570,1351,,,,,,0.0,0.0,0.0,,,,,,0.0,0.0,0.0
572,1353,,,,,,0.0,0.0,0.0,,,,,,0.0,0.0,0.0
574,1355,,,,,,0.0,0.0,0.0,,,,,,0.0,0.0,0.0
577,1358,,,,,,0.0,0.0,0.0,,,,,,0.0,0.0,0.0
579,1360,,,,,,0.0,0.0,0.0,,,,,,0.0,0.0,0.0
589,1497,,,,,,0.0,0.0,0.0,4.867519181585677,0.04762226732587302,4.842737209005971,0.5078225140152145,113.16113111078428,86.0,784.0,5047.0
610,1518,,,,,,0.0,0.0,0.0,,,,,,0.0,0.0,0.0
613,1521,14.88,0.02488677604416491,10.536397281007629,0.03089016723925164,1.369731420594785,35.879999999999995,12.0,107.88,,,,,,0.0,0.0,0.0
617,1525,,,,,,0.0,0.0,0.0,,,,,,0.0,0.0,0.0
620,1528,4.8,0.9233584497559495,,,,1.3199999999999998,1.0,1.3199999999999998,,,,,,0.0,0.0,0.0
630,1538,,,,,,0.0,0.0,0.0,,,,,,0.0,0.0,0.0
639,1547,,,,,,0.0,0.0,0.0,4.8,0.9233584497559495,,,,1.0,1.0,1.0
644,1552,,,,,,0.0,0.0,0.0,,,,,,0.0,0.0,0.0
645,1553,,,,,,0.0,0.0,0.0,,,,,,0.0,0.0,0.0
667,1575,,,,,,0.0,0.0,0.0,,,,,,0.0,0.0,0.0
680,1664,4.8,0.9233584497559495,,,,0.24,2.0,0.36,,,,,,0.0,0.0,0.0
687,1671,5.485714285714285,0.04178126662630697,5.000763968626764,0.12677689960416028,9.607249718146887,18.24,44.0,46.44,5.18019801980198,0.03721738965133174,4.9823599129932115,0.13616083192642384,13.84072572212436,180.0,103.0,1010.0
690,1674,7.466666666666665,0.03128777985776178,6.518711531122812,0.045852205254097986,2.262069128581775,30.72,29.0,97.32,7.199999999999999,0.9286920668010289,,,,2.0,6.0,7.0
693,1677,13.52727272727273,0.022987371339072672,9.963319294480637,0.025245245491622596,1.0311497451841984,48.0,13.0,107.64,,,,,,0.0,0.0,0.0
740,1724,,,,,,0.0,0.0,0.0,4.878688524590164,0.9233685265846355,,,,14.0,124.0,248.0
743,1727,,,,,,0.0,0.0,0.0,4.82701181767023,0.057782410543347464,4.816167142930224,,323.17221034509384,79.0,1779.0,7802.0
744,1728,,,,,,0.0,0.0,0.0,5.168741721854304,0.04159074695356379,5.141681177801788,0.17491740255932026,19.558698679316585,153.0,757.0,9533.0
760,1744,,,,,,0.0,0.0,0.0,,,,,,0.0,0.0,0.0
777,1761,,,,,,0.0,0.0,0.0,,,,,,0.0,0.0,0.0
778,1762,,,,,,0.0,0.0,0.0,,,,,,0.0,0.0,0.0
782,1766,,,,,,0.0,0.0,0.0,,,,,,0.0,0.0,0.0
788,1772,,,,,,0.0,0.0,0.0,,,,,,0.0,0.0,0.0
794,1778,,,,,,0.0,0.0,0.0,,,,,,0.0,0.0,0.0
800,1784,,,,,,0.0,0.0,0.0,,,,,,0.0,0.0,0.0
813,1797,,,,,,0.0,0.0,0.0,4.8,0.9233584497559495,,,,1.0,2.0,2.0
832,1960,,,,,,0.0,0.0,0.0,4.816053511705686,0.9233588764897155,,,,12.0,600.0,1038.0
841,1969,,,,,,0.0,0.0,0.0,5.8644351464435145,0.029630992975138982,5.771094494854677,0.05727576506855477,4.187023221915357,281.0,241.0,3430.0
843,1971,,,,,,0.0,0.0,0.0,4.822018348623853,0.9233592511910513,4.778032036613273,,-3927936570753024.5,9.0,438.0,567.0
872,2000,,,,,,0.0,0.0,0.0,,,,,,0.0,0.0,0.0
907,2035,,,,,,0.0,0.0,0.0,,,,,,0.0,0.0,0.0
912,2040,6.720000000000001,0.9271515387564058,,,,0.12,7.0,0.84,4.809448818897637,0.9233585978602221,,,,21.0,1018.0,2037.0
913,2041,22.399999999999995,0.01831881570998575,13.141788012585755,0.020390462196584892,0.8039713008225007,50.4,8.0,109.56,5.021677662582468,0.02764668923005964,5.002986108980941,0.10925000707643436,16.1463945222502,344.0,1063.0,5766.0
918,2046,43.199999999999996,0.01212238458464929,16.128378634764616,0.014883291231923336,0.5630975804922046,63.48,5.0,110.52,,,,,,0.0,0.0,0.0
943,2071,,,,,,0.0,0.0,0.0,,,,,,0.0,0.0,0.0
958,2086,,,,,,0.0,0.0,0.0,,,,,,0.0,0.0,0.0
970,2098,,,,,,0.0,0.0,0.0,,,,,,0.0,0.0,0.0
976,2104,115.19999999999999,0.20354800114469931,,,,111.0,1.0,111.0,,,,,,0.0,0.0,0.0
984,2112,,,,,,0.0,0.0,0.0,4.922033898305084,0.057901196315166506,4.758809663009697,0.0,171.63777753396698,57.0,120.0,835.0
985,2113,,,,,,0.0,0.0,0.0,4.857142857142857,0.9233637954528865,,,,32.0,170.0,987.0
998,2126,,,,,,0.0,0.0,0.0,,,,,,0.0,0.0,0.0
1007,2135,,,,,,0.0,0.0,0.0,,,,,,0.0,0.0,0.0
1038,2166,,,,,,0.0,0.0,0.0,,,,,,0.0,0.0,0.0
1041,2169,,,,,,0.0,0.0,0.0,,,,,,0.0,0.0,0.0
1045,2173,,,,,,0.0,0.0,0.0,,,,,,0.0,0.0,0.0
1046,2174,,,,,,0.0,0.0,0.0,4.923076923076923,0.9233828031824838,,,,4.0,80.0,113.0
1051,2179,10.24,0.027692794508867427,8.101701208701204,0.034314224816467294,1.4842978223979513,38.16,17.0,98.39999999999999,8.0,0.9313985454882467,,,,1.0,5.0,5.0
1054,2182,5.41090909090909,0.04810688156104979,5.038625283836518,0.1798837167312711,14.703748596999626,14.04,57.0,54.839999999999996,5.471999999999999,0.03159327062113489,5.4364492115639695,0.08242282739765572,7.796887915120758,252.0,602.0,9111.0
1055,2183,8.399999999999999,0.04626248225479734,5.350639402100694,0.08051467758271164,2.8537276589807927,11.639999999999999,10.0,27.48,4.8543738200125865,0.047604416399719046,4.842189043152616,0.5382898405852693,127.2342728945875,108.0,1591.0,7112.0
1056,2184,115.19999999999999,0.20354800114469931,,,,111.11999999999999,1.0,111.11999999999999,4.8667211774325425,0.05783470548154918,4.850858286642909,0.6402572625870322,120.44610658604016,70.0,1225.0,8690.0
1057,2185,10.105263157894736,0.018522699271296697,8.502608794486289,0.01663453095707186,0.7423349353471076,84.0,21.0,108.11999999999999,5.376678445229683,0.037335510275991336,5.351838812641922,0.11090212958274194,10.118410906098445,200.0,851.0,9521.0
1060,2188,5.389473684210525,0.04173546393288435,5.033030134509271,0.12831287279450945,9.895949817546999,15.24,59.0,58.199999999999996,5.13103448275862,0.9235249827499216,,,,3.0,31.0,37.0
1086,2214,,,,,,0.0,0.0,0.0,,,,,,0.0,0.0,0.0
1103,2231,,,,,,0.0,0.0,0.0,,,,,,0.0,0.0,0.0
1167,2295,,,,,,0.0,0.0,0.0,,,,,,0.0,0.0,0.0
1173,2301,,,,,,0.0,0.0,0.0,,,,,,0.0,0.0,0.0
1177,2305,,,,,,0.0,0.0,0.0,,,,,,0.0,0.0,0.0
1190,2318,,,,,,0.0,0.0,0.0,,,,,,0.0,0.0,0.0
1197,2325,,,,,,0.0,0.0,0.0,,,,,,0.0,0.0,0.0
1201,2329,,,,,,0.0,0.0,0.0,,,,,,0.0,0.0,0.0
1211,2339,,,,,,0.0,0.0,0.0,,,,,,0.0,0.0,0.0
1223,2351,,,,,,0.0,0.0,0.0,,,,,,0.0,0.0,0.0
1224,2352,,,,,,0.0,0.0,0.0,,,,,,0.0,0.0,0.0
1233,2361,,,,,,0.0,0.0,0.0,,,,,,0.0,0.0,0.0
1246,2374,,,,,,0.0,0.0,0.0,,,,,,0.0,0.0,0.0
1249,2377,,,,,,0.0,0.0,0.0,,,,,,0.0,0.0,0.0
1260,2388,,,,,,0.0,0.0,0.0,,,,,,0.0,0.0,0.0
1274,2402,,,,,,0.0,0.0,0.0,,,,,,0.0,0.0,0.0
1278,2406,,,,,,0.0,0.0,0.0,,,,,,0.0,0.0,0.0
1279,2407,,,,,,0.0,0.0,0.0,,,,,,0.0,0.0,0.0
1294,2422,,,,,,0.0,0.0,0.0,,,,,,0.0,0.0,0.0
1310,2438,,,,,,0.0,0.0,0.0,,,,,,0.0,0.0,0.0
1324,2452,,,,,,0.0,0.0,0.0,,,,,,0.0,0.0,0.0
1351,2479,,,,,,0.0,0.0,0.0,,,,,,0.0,0.0,0.0
1354,2482,,,,,,0.0,0.0,0.0,,,,,,0.0,0.0,0.0
1374,2502,,,,,,0.0,0.0,0.0,,,,,,0.0,0.0,0.0
1377,2505,,,,,,0.0,0.0,0.0,,,,,,0.0,0.0,0.0
1386,2514,,,,,,0.0,0.0,0.0,,,,,,0.0,0.0,0.0
1389,2517,,,,,,0.0,0.0,0.0,4.959999999999999,0.9233991937030164,,,,5.0,62.0,69.0
1400,2528,,,,,,0.0,0.0,0.0,,,,,,0.0,0.0,0.0
1406,2534,,,,,,0.0,0.0,0.0,,,,,,0.0,0.0,0.0
1413,2541,,,,,,0.0,0.0,0.0,,,,,,0.0,0.0,0.0
1416,2544,,,,,,0.0,0.0,0.0,,,,,,0.0,0.0,0.0
1418,2546,,,,,,0.0,0.0,0.0,,,,,,0.0,0.0,0.0
1419,782,,,,,,0.0,0.0,0.0,4.8432432432432435,0.9233615229096902,,,,28.0,224.0,880.0
1433,796,6.335999999999999,0.03745135435923839,5.447934301636928,0.07354673700683338,4.122421500636349,21.96,27.0,53.76,5.485714285714286,0.9240095276627719,,,,7.0,16.0,29.0
1439,802,5.907692307692307,0.05810773129134756,4.39848827722629,0.2410768984158578,19.83024132800814,5.16,15.0,12.6,,,,,,0.0,0.0,0.0
1440,803,4.9411764705882355,0.9233903343070974,,,,3.96,70.0,33.6,,,,,,0.0,0.0,0.0
1448,811,,,,,,0.0,0.0,0.0,,,,,,0.0,0.0,0.0
1460,823,,,,,,0.0,0.0,0.0,,,,,,0.0,0.0,0.0
1481,844,11.199999999999998,0.04253635664871174,3.6389386547265636,0.05668612572015232,1.7251587014691725,12.6,5.0,22.56,5.389121338912133,0.020876036561133328,5.3599281002409,0.05084285461483724,6.513900711024605,608.0,719.0,7492.0
1483,846,9.6,0.019866508735463823,7.988747670071636,0.01843739880907797,0.8003699060087226,75.72,20.0,107.52,4.862937062937063,0.04761608213176975,4.845998605702787,0.4816140234225031,101.8363543755169,100.0,1146.0,4473.0
1501,864,,,,,,0.0,0.0,0.0,,,,,,0.0,0.0,0.0
1507,870,,,,,,0.0,0.0,0.0,,,,,,0.0,0.0,0.0
1540,903,,,,,,0.0,0.0,0.0,,,,,,0.0,0.0,0.0
1552,915,,,,,,0.0,0.0,0.0,,,,,,0.0,0.0,0.0
1553,916,,,,,,0.0,0.0,0.0,,,,,,0.0,0.0,0.0
1579,942,5.828571428571428,0.04820870280355048,5.076889152106448,0.14411296899109552,9.431428059401053,13.799999999999999,30.0,44.64,4.933333333333334,0.9233869510621656,,,,8.0,74.0,106.0
1580,943,4.8,0.9233584497559495,,,,0.12,1.0,0.12,5.364705882352942,0.9238140636096301,,,,2.0,19.0,20.0
1585,948,5.929411764705883,0.03748019749829665,5.298662778461277,0.08304111587688104,5.274725316429578,21.96,36.0,48.96,4.88135593220339,0.057853008224164906,4.772651036463608,,256.7710243361832,51.0,179.0,288.0
1586,949,13.440000000000001,0.018813298721132642,9.792527611859546,0.016647029995487124,0.6405482492292739,71.52,12.0,99.36,4.812585212375458,0.057762443216290246,4.802505687279528,,919.4779886915309,51.0,1909.0,8005.0
1604,967,6.812903225806451,0.03407295284279288,6.0399703176123705,0.05672172584413525,2.9949867129146646,25.08,33.0,76.56,,,,,,0.0,0.0,0.0
1606,969,,,,,,0.0,0.0,0.0,,,,,,0.0,0.0,0.0
1616,979,4.8,0.9233584497559495,,,,0.48,2.0,0.6,,,,,,0.0,0.0,0.0
1625,988,,,,,,0.0,0.0,0.0,,,,,,0.0,0.0,0.0
1642,1005,,,,,,0.0,0.0,0.0,,,,,,0.0,0.0,0.0
1660,1023,19.885714285714283,0.014273992209399924,13.026424648929543,0.011450049842944066,0.4393586006004242,92.64,9.0,109.44,6.393402061855671,0.029606978566339977,6.342919159626415,0.05529261490534952,4.3770966364153026,299.0,487.0,11233.0
1661,1024,7.199999999999999,0.9286920668010289,,,,0.48,6.0,1.08,4.8325266214908025,0.04757401956750903,4.823189049849703,,209.90892571184034,97.0,2068.0,8002.0
1662,1025,7.359999999999999,0.02393516061684043,6.537316584917108,0.029215385189889895,1.4890740912411164,54.96,32.0,98.39999999999999,4.8043438914027154,0.9233584811022161,,,,34.0,2212.0,8206.0
1663,1026,,,,,,0.0,0.0,0.0,5.0,0.9234214228049776,,,,3.0,50.0,57.0
1668,1031,4.8,0.9233584497559495,,,,0.12,1.0,0.12,5.106382978723404,0.03716208495270408,5.063540001267137,0.1558036509277814,18.682099908911095,163.0,472.0,4531.0
1702,1065,,,,,,0.0,0.0,0.0,,,,,,0.0,0.0,0.0
1705,1068,,,,,,0.0,0.0,0.0,,,,,,0.0,0.0,0.0
1715,1078,,,,,,0.0,0.0,0.0,,,,,,0.0,0.0,0.0
1724,1087,,,,,,0.0,0.0,0.0,,,,,,0.0,0.0,0.0
1752,1115,7.854545454545455,0.05559366946591622,5.582548229591479,0.14019928570627702,6.543805650163538,7.4399999999999995,13.0,38.16,4.827067669172933,0.03689111484578666,4.808981498289605,0.47836267464586524,165.89559510612756,161.0,1066.0,2493.0
1758,1121,,,,,,0.0,0.0,0.0,,,,,,0.0,0.0,0.0
1771,1134,,,,,,0.0,0.0,0.0,,,,,,0.0,0.0,0.0
1784,1147,16.53333333333333,0.022662494000991032,11.443495750957116,0.024871959829383228,0.9466310777389345,39.36,11.0,109.2,,,,,,0.0,0.0,0.0
1791,1154,,,,,,0.0,0.0,0.0,,,,,,0.0,0.0,0.0
1796,1159,,,,,,0.0,0.0,0.0,,,,,,0.0,0.0,0.0
1813,1176,,,,,,0.0,0.0,0.0,,,,,,0.0,0.0,0.0
1838,1201,7.51304347826087,0.03696551647376404,6.401376612175501,0.05709145461386744,2.5354627079264747,24.0,25.0,91.2,4.821917808219178,0.9233592439108433,,,,40.0,440.0,1979.0
1841,1204,,,,,,0.0,0.0,0.0,4.873846153846154,0.9233673363633605,,,,5.0,132.0,171.0
1861,1224,,,,,,0.0,0.0,0.0,,,,,,0.0,0.0,0.0
1893,1256,,,,,,0.0,0.0,0.0,,,,,,0.0,0.0,0.0
1899,1262,,,,,,0.0,0.0,0.0,,,,,,0.0,0.0,0.0
1904,1267,,,,,,0.0,0.0,0.0,,,,,,0.0,0.0,0.0
1906,1269,,,,,,0.0,0.0,0.0,,,,,,0.0,0.0,0.0
1931,1294,7.0857142857142845,0.041516198480363246,5.9300962559988095,0.07450754490677707,3.5030037620689365,16.8,23.0,54.839999999999996,,,,,,0.0,0.0,0.0
1932,1295,6.0,0.058053940670751016,4.363035174044315,0.22993485324862528,18.359043525718754,7.92,14.0,23.16,,,,,,0.0,0.0,0.0
1947,1310,,,,,,0.0,0.0,0.0,4.8,0.9233584497559495,,,,1.0,2.0,2.0
1955,1318,,,,,,0.0,0.0,0.0,,,,,,0.0,0.0,0.0
1966,1329,,,,,,0.0,0.0,0.0,,,,,,0.0,0.0,0.0
1972,1335,,,,,,0.0,0.0,0.0,,,,,,0.0,0.0,0.0
1977,1340,,,,,,0.0,0.0,0.0,,,,,,0.0,0.0,0.0
1983,1346,,,,,,0.0,0.0,0.0,,,,,,0.0,0.0,0.0
1984,1347,,,,,,0.0,0.0,0.0,,,,,,0.0,0.0,0.0
1987,1350,,,,,,0.0,0.0,0.0,,,,,,0.0,0.0,0.0
1988,1351,,,,,,0.0,0.0,0.0,,,,,,0.0,0.0,0.0
1990,1353,,,,,,0.0,0.0,0.0,,,,,,0.0,0.0,0.0
1992,1355,,,,,,0.0,0.0,0.0,,,,,,0.0,0.0,0.0
1995,1358,,,,,,0.0,0.0,0.0,,,,,,0.0,0.0,0.0
1997,1360,,,,,,0.0,0.0,0.0,,,,,,0.0,0.0,0.0
2007,1497,,,,,,0.0,0.0,0.0,4.824956672443674,0.057779597924294,4.791659091154765,,833.8689012680364,43.0,579.0,2267.0
2028,1518,,,,,,0.0,0.0,0.0,,,,,,0.0,0.0,0.0
2031,1521,,,,,,0.0,0.0,0.0,,,,,,0.0,0.0,0.0
2035,1525,,,,,,0.0,0.0,0.0,,,,,,0.0,0.0,0.0
2038,1528,,,,,,0.0,0.0,0.0,,,,,,0.0,0.0,0.0
2048,1538,,,,,,0.0,0.0,0.0,,,,,,0.0,0.0,0.0
2057,1547,,,,,,0.0,0.0,0.0,,,,,,0.0,0.0,0.0
2062,1552,,,,,,0.0,0.0,0.0,,,,,,0.0,0.0,0.0
2063,1553,,,,,,0.0,0.0,0.0,,,,,,0.0,0.0,0.0
2085,1575,,,,,,0.0,0.0,0.0,,,,,,0.0,0.0,0.0
2098,1664,7.68,0.033675452553517664,6.638313564119246,0.04785956013184049,2.103337864638396,24.599999999999998,27.0,101.39999999999999,7.199999999999999,0.9286920668010289,,,,1.0,6.0,6.0
2105,1671,22.400000000000002,0.01689468160659778,13.359868150934236,0.016936577651375535,0.6361136119372438,58.44,8.0,109.56,7.531034482758621,0.026153330217659476,7.43408178271889,0.03920421653471147,2.722294802957286,385.0,292.0,10567.0
2108,1674,,,,,,0.0,0.0,0.0,5.538461538461538,0.9241034027970435,4.114285714285714,,3799912185593856.0,1.0,15.0,15.0
2111,1677,,,,,,0.0,0.0,0.0,,,,,,0.0,0.0,0.0
2158,1724,,,,,,0.0,0.0,0.0,14.399999999999999,0.9502408812101535,,,,2.0,3.0,4.0
2161,1727,8.29090909090909,0.02461226874072443,7.080471003321987,0.0274514097284349,1.2082746570338119,48.96,24.0,85.32,5.4159292035398225,0.029533326968245437,5.384777607084509,0.07762001413325932,7.7814251662523395,286.0,680.0,8484.0
2162,1728,41.599999999999994,0.014158745495078324,15.051232747926468,0.019391434540374293,0.685084175416286,46.44,5.0,110.03999999999999,5.66542750929368,0.017091554161266263,5.625233134898183,0.03269038567644329,3.9755311892217495,927.0,540.0,8766.0
2178,1744,,,,,,0.0,0.0,0.0,,,,,,0.0,0.0,0.0
2195,1761,,,,,,0.0,0.0,0.0,,,,,,0.0,0.0,0.0
2196,1762,,,,,,0.0,0.0,0.0,,,,,,0.0,0.0,0.0
2200,1766,,,,,,0.0,0.0,0.0,,,,,,0.0,0.0,0.0
2206,1772,,,,,,0.0,0.0,0.0,,,,,,0.0,0.0,0.0
2212,1778,,,,,,0.0,0.0,0.0,,,,,,0.0,0.0,0.0
2218,1784,,,,,,0.0,0.0,0.0,,,,,,0.0,0.0,0.0
2231,1797,8.842105263157896,0.020849636429802105,7.4179207377139464,0.019824195180794542,0.8560034188406528,71.88,21.0,88.08,,,,,,0.0,0.0,0.0
2250,1960,5.511111111111112,0.0341383968373289,5.13084447963569,0.08316168539622171,6.263879941093842,24.36,56.0,77.28,4.81947261663286,0.05777204090714049,4.799975007472852,,713.4104463110505,45.0,988.0,4037.0
2259,1969,,,,,,0.0,0.0,0.0,,,,,,0.0,0.0,0.0
2261,1971,,,,,,0.0,0.0,0.0,,,,,,0.0,0.0,0.0
2290,2000,,,,,,0.0,0.0,0.0,,,,,,0.0,0.0,0.0
2325,2035,,,,,,0.0,0.0,0.0,,,,,,0.0,0.0,0.0
2330,2040,5.066666666666666,0.05804198820165671,4.848358887092216,0.39563169493150435,45.69261565150322,7.8,92.0,73.08,4.807523510971787,0.05775531350345143,4.797490152208188,,2762.758337812892,42.0,1916.0,5955.0
2331,2041,19.199999999999996,0.01864404561526829,12.13475555672815,0.01975329629900715,0.7903254903356423,54.0,9.0,108.24,4.945822784810127,0.03128764476942214,4.9292497732541385,0.17561338035508786,32.12868357003074,250.0,1187.0,8222.0
2336,2046,4.8,0.9233584497559495,,,,0.12,2.0,0.24,,,,,,0.0,0.0,0.0
2361,2071,,,,,,0.0,0.0,0.0,,,,,,0.0,0.0,0.0
2376,2086,,,,,,0.0,0.0,0.0,,,,,,0.0,0.0,0.0
2388,2098,11.345454545454546,0.024160044645821666,8.368573286721006,0.025624498184750367,0.987173463262793,47.04,13.0,77.88,,,,,,0.0,0.0,0.0
2394,2104,4.8,0.9233584497559495,,,,0.12,1.0,0.12,,,,,,0.0,0.0,0.0
2402,2112,,,,,,0.0,0.0,0.0,6.720000000000001,0.9271515387564058,,,,9.0,7.0,16.0
2403,2113,,,,,,0.0,0.0,0.0,5.279999999999999,0.9236950148619066,4.3428571428571425,,-4412120259939532.5,14.0,22.0,49.0
2416,2126,,,,,,0.0,0.0,0.0,,,,,,0.0,0.0,0.0
2425,2135,,,,,,0.0,0.0,0.0,,,,,,0.0,0.0,0.0
2456,2166,,,,,,0.0,0.0,0.0,,,,,,0.0,0.0,0.0
2459,2169,,,,,,0.0,0.0,0.0,,,,,,0.0,0.0,0.0
2463,2173,9.6,0.05225049863157827,2.96946202505505,0.06635321844589084,4.462529310057293,4.92,5.0,5.76,,,,,,0.0,0.0,0.0
2464,2174,,,,,,0.0,0.0,0.0,4.844651162790697,0.9233617250048469,,,,31.0,217.0,656.0
2469,2179,5.4399999999999995,0.0481206259553314,5.09654461427177,0.1611474500745434,11.919243200754936,13.559999999999999,62.0,71.28,4.8,0.9233584497559495,,,,1.0,1.0,1.0
2472,2182,6.620689655172414,0.034132555870859484,5.8160987413480045,0.06118421817748696,3.493151483332114,28.68,31.0,102.6,4.846867371847029,0.04759407555920244,4.83114067626833,0.6065440349620622,161.01851495837485,105.0,1231.0,6008.0
2473,2183,13.963636363636363,0.023982421460957214,10.249959519080099,0.027530628160360233,1.1440927253071047,42.48,13.0,109.08,4.850094876660341,0.057813281287142256,4.831749797651586,0.0,171.69787706942606,80.0,1056.0,6042.0
2474,2184,6.628571428571428,0.029560116817237827,6.068568430763509,0.04544371861418895,2.4934725815927616,36.96,44.0,103.08,4.957233848953593,0.04139336079313467,4.939315706090937,0.24494473013166282,35.935782798279206,124.0,1101.0,8611.0
2475,2185,5.221052631578947,0.04798918590895361,4.872768843309251,0.21868466883272317,21.033836721425523,14.16,59.0,42.12,5.664000000000001,0.03418212617900612,5.62730796835954,0.08208111623628866,6.880831601977058,202.0,602.0,9803.0
2478,2188,,,,,,0.0,0.0,0.0,5.046153846153846,0.9234526557647172,4.56,,-4111293878580019.0,4.0,41.0,48.0
2504,2214,,,,,,0.0,0.0,0.0,,,,,,0.0,0.0,0.0
2521,2231,,,,,,0.0,0.0,0.0,,,,,,0.0,0.0,0.0
2585,2295,,,,,,0.0,0.0,0.0,,,,,,0.0,0.0,0.0
2591,2301,,,,,,0.0,0.0,0.0,,,,,,0.0,0.0,0.0
2595,2305,,,,,,0.0,0.0,0.0,,,,,,0.0,0.0,0.0
2608,2318,,,,,,0.0,0.0,0.0,,,,,,0.0,0.0,0.0
2615,2325,,,,,,0.0,0.0,0.0,,,,,,0.0,0.0,0.0
2619,2329,,,,,,0.0,0.0,0.0,,,,,,0.0,0.0,0.0
2629,2339,,,,,,0.0,0.0,0.0,,,,,,0.0,0.0,0.0
2641,2351,,,,,,0.0,0.0,0.0,,,,,,0.0,0.0,0.0
2642,2352,,,,,,0.0,0.0,0.0,,,,,,0.0,0.0,0.0
2651,2361,,,,,,0.0,0.0,0.0,,,,,,0.0,0.0,0.0
2664,2374,,,,,,0.0,0.0,0.0,,,,,,0.0,0.0,0.0
2667,2377,,,,,,0.0,0.0,0.0,,,,,,0.0,0.0,0.0
2678,2388,,,,,,0.0,0.0,0.0,,,,,,0.0,0.0,0.0
2692,2402,,,,,,0.0,0.0,0.0,,,,,,0.0,0.0,0.0
2696,2406,,,,,,0.0,0.0,0.0,,,,,,0.0,0.0,0.0
2697,2407,,,,,,0.0,0.0,0.0,,,,,,0.0,0.0,0.0
2712,2422,,,,,,0.0,0.0,0.0,,,,,,0.0,0.0,0.0
2728,2438,,,,,,0.0,0.0,0.0,,,,,,0.0,0.0,0.0
2742,2452,,,,,,0.0,0.0,0.0,,,,,,0.0,0.0,0.0
2769,2479,,,,,,0.0,0.0,0.0,,,,,,0.0,0.0,0.0
2772,2482,,,,,,0.0,0.0,0.0,,,,,,0.0,0.0,0.0
2792,2502,,,,,,0.0,0.0,0.0,,,,,,0.0,0.0,0.0
2795,2505,,,,,,0.0,0.0,0.0,,,,,,0.0,0.0,0.0
2804,2514,,,,,,0.0,0.0,0.0,,,,,,0.0,0.0,0.0
2807,2517,,,,,,0.0,0.0,0.0,4.984615384615385,0.9234123321146006,,,,2.0,54.0,59.0
2818,2528,,,,,,0.0,0.0,0.0,,,,,,0.0,0.0,0.0
2824,2534,,,,,,0.0,0.0,0.0,,,,,,0.0,0.0,0.0
2831,2541,,,,,,0.0,0.0,0.0,,,,,,0.0,0.0,0.0
2834,2544,,,,,,0.0,0.0,0.0,,,,,,0.0,0.0,0.0
2836,2546,,,,,,0.0,0.0,0.0,,,,,,0.0,0.0,0.0
2837,782,,,,,,0.0,0.0,0.0,4.878048780487805,0.9233683651461794,4.72258064516129,,-5030265697075200.0,35.0,125.0,490.0
2851,796,,,,,,0.0,0.0,0.0,4.816580310880829,0.9233589048894615,4.783448275862068,,-3461585585779507.0,28.0,581.0,1340.0
2857,802,6.6,0.04175175648686309,5.222381288787657,0.08395188411896086,4.213261874289787,15.84,18.0,43.92,,,,,,0.0,0.0,0.0
2858,803,6.494117647058823,0.04178905265453245,5.206260295307223,0.08594821525385307,4.422826620332227,19.2,19.0,46.199999999999996,,,,,,0.0,0.0,0.0
2866,811,,,,,,0.0,0.0,0.0,,,,,,0.0,0.0,0.0
2878,823,,,,,,0.0,0.0,0.0,,,,,,0.0,0.0,0.0
2899,844,,,,,,0.0,0.0,0.0,5.8085603112840465,0.02793126650669868,5.764928205569632,0.060340224410682555,5.524188996767925,339.0,516.0,8511.0
2901,846,19.999999999999996,0.019157924045294858,11.976476737085216,0.018299956780443716,0.6018357090999538,49.559999999999995,8.0,87.24,4.808839779005525,0.05775717377021639,4.7970506320781245,,2351.589785074498,44.0,1631.0,5904.0
2919,864,,,,,,0.0,0.0,0.0,,,,,,0.0,0.0,0.0
2925,870,,,,,,0.0,0.0,0.0,,,,,,0.0,0.0,0.0
2958,903,,,,,,0.0,0.0,0.0,,,,,,0.0,0.0,0.0
2970,915,,,,,,0.0,0.0,0.0,,,,,,0.0,0.0,0.0
2971,916,,,,,,0.0,0.0,0.0,,,,,,0.0,0.0,0.0
2997,942,8.842105263157896,0.025535240376641614,7.376579825650311,0.027885023442848628,1.1403672799206352,45.36,21.0,86.16,4.837354085603113,0.9233607465984599,4.7627906976744185,,5467651422604493.0,6.0,259.0,334.0
2998,943,4.8,0.9233584497559495,,,,0.12,1.0,0.12,5.046153846153846,0.9234526557647172,4.56,,-4111293878580019.0,7.0,41.0,57.0
3003,948,6.3999999999999995,0.03164973181635364,5.57815899436391,0.051746677977521464,2.7736435597677707,31.799999999999997,29.0,75.84,4.810859728506787,0.9233586453161438,,,,10.0,886.0,1296.0
3004,949,6.24,0.0578714344213397,4.270052142363151,0.20557387298104013,15.40095762531164,6.24,12.0,15.36,4.883311081441922,0.04130911343692722,4.870320757796329,0.36570449647300635,78.90670548068806,121.0,1500.0,9455.0
3022,967,41.6,0.011989785340334666,15.583485131463604,0.014352804164654124,0.5517569110235423,68.16,5.0,110.52,,,,,,0.0,0.0,0.0
3024,969,5.781818181818182,0.03746501004215379,5.298314060565828,0.08563360256041473,5.637751890729285,20.4,46.0,61.199999999999996,5.0,0.9234214228049776,,,,3.0,50.0,54.0
3034,979,,,,,,0.0,0.0,0.0,6.720000000000001,0.9271515387564058,,,,1.0,7.0,7.0
3043,988,,,,,,0.0,0.0,0.0,,,,,,0.0,0.0,0.0
3060,1005,,,,,,0.0,0.0,0.0,,,,,,0.0,0.0,0.0
3078,1023,57.599999999999994,0.008407991779853317,-18.933558792198895,0.007891808907073498,-0.11436478715808074,108.83999999999999,2.0,110.75999999999999,5.1623409669211195,0.02941415005452938,5.145097050725013,0.10043019319340764,12.55043376626817,297.0,1181.0,10103.0
3079,1024,5.472,0.058214388087946274,5.059010470694151,0.23669652904511043,17.159496375005975,8.52,52.0,77.75999999999999,5.012860310421286,0.027640746404446238,4.998183818391719,0.125217512348302,21.309683006929458,340.0,1355.0,8727.0
3080,1025,7.2,0.056679651063678144,3.892072059894235,0.14287825902971352,9.358455099319835,5.279999999999999,8.0,12.959999999999999,5.291891891891892,0.0222860191627768,5.268567905191684,0.06343665952777403,8.910812013327433,522.0,890.0,10557.0
3081,1026,5.599999999999999,0.05821066392145399,5.161388659167163,0.21367285985590798,14.396669085833677,8.64,50.0,84.11999999999999,4.931506849315069,0.9233861894143631,,,,6.0,75.0,111.0
3086,1031,,,,,,0.0,0.0,0.0,5.488941176470588,0.01706550347928069,5.46412093383705,0.035091390474444074,4.563838792274852,938.0,852.0,8517.0
3120,1065,,,,,,0.0,0.0,0.0,,,,,,0.0,0.0,0.0
3123,1068,,,,,,0.0,0.0,0.0,,,,,,0.0,0.0,0.0
3133,1078,,,,,,0.0,0.0,0.0,,,,,,0.0,0.0,0.0
3142,1087,,,,,,0.0,0.0,0.0,,,,,,0.0,0.0,0.0
3170,1115,6.720000000000001,0.9271515387564058,,,,0.96,7.0,1.7999999999999998,4.8364741641337385,0.05779522478614389,4.807199678146059,,318.83661475453385,48.0,660.0,1263.0
3176,1121,57.599999999999994,0.010084674215345873,-55.129203090488474,3032.778844246988,-7.494567036515207,70.92,2.0,110.88,,,,,,0.0,0.0,0.0
3189,1134,7.104000000000001,0.04761589245562643,6.100166136194213,0.09896136868769455,5.330118254804093,13.68,27.0,84.11999999999999,,,,,,0.0,0.0,0.0
3202,1147,,,,,,0.0,0.0,0.0,,,,,,0.0,0.0,0.0
3209,1154,,,,,,0.0,0.0,0.0,,,,,,0.0,0.0,0.0
3214,1159,,,,,,0.0,0.0,0.0,,,,,,0.0,0.0,0.0
3231,1176,,,,,,0.0,0.0,0.0,,,,,,0.0,0.0,0.0
3256,1201,8.064,0.03345128014379313,6.9638980081501165,0.04900151780475205,2.310473386748184,27.24,27.0,101.03999999999999,4.834532374100719,0.057792613286122306,4.788447165714157,,603.0343130051889,56.0,419.0,1642.0
3259,1204,5.316923076923076,0.04169423408313611,5.005793897360577,0.14662621317670535,12.893632948563727,18.12,67.0,80.39999999999999,4.864,0.9233651427245659,,,,20.0,152.0,380.0
3279,1224,,,,,,0.0,0.0,0.0,,,,,,0.0,0.0,0.0
3311,1256,,,,,,0.0,0.0,0.0,,,,,,0.0,0.0,0.0
3317,1262,,,,,,0.0,0.0,0.0,,,,,,0.0,0.0,0.0
3322,1267,,,,,,0.0,0.0,0.0,,,,,,0.0,0.0,0.0
3324,1269,,,,,,0.0,0.0,0.0,,,,,,0.0,0.0,0.0
3349,1294,4.8,0.9233584497559495,,,,0.36,1.0,0.36,,,,,,0.0,0.0,0.0
3350,1295,4.8,0.9233584497559495,,,,0.48,2.0,0.6,,,,,,0.0,0.0,0.0
3365,1310,6.690909090909091,0.037357212587790324,5.964716491135479,0.07112907282205995,4.15831669980033,21.599999999999998,35.0,99.0,4.943283582089552,0.9233912742757355,,,,2.0,69.0,84.0
3373,1318,7.68,0.05589789272455094,3.702775879049963,0.12184756584475288,7.790382247416797,8.64,7.0,11.639999999999999,,,,,,0.0,0.0,0.0
3384,1329,,,,,,0.0,0.0,0.0,,,,,,0.0,0.0,0.0
3390,1335,,,,,,0.0,0.0,0.0,,,,,,0.0,0.0,0.0
3395,1340,,,,,,0.0,0.0,0.0,,,,,,0.0,0.0,0.0
3401,1346,,,,,,0.0,0.0,0.0,,,,,,0.0,0.0,0.0
3402,1347,,,,,,0.0,0.0,0.0,,,,,,0.0,0.0,0.0
3405,1350,,,,,,0.0,0.0,0.0,,,,,,0.0,0.0,0.0
3406,1351,,,,,,0.0,0.0,0.0,,,,,,0.0,0.0,0.0
3408,1353,,,,,,0.0,0.0,0.0,,,,,,0.0,0.0,0.0
3410,1355,,,,,,0.0,0.0,0.0,,,,,,0.0,0.0,0.0
3413,1358,,,,,,0.0,0.0,0.0,,,,,,0.0,0.0,0.0
3415,1360,,,,,,0.0,0.0,0.0,,,,,,0.0,0.0,0.0
3425,1497,5.973333333333333,0.041878919675964944,5.483856090055941,0.09566150672623099,5.8471132004648085,16.919999999999998,47.0,98.75999999999999,4.835164835164835,0.923360486494093,4.764963503649635,,-3084130115911680.0,38.0,275.0,987.0
3446,1518,,,,,,0.0,0.0,0.0,4.896,0.9233733768620234,,,,24.0,102.0,291.0
3449,1521,,,,,,0.0,0.0,0.0,7.199999999999999,0.9286920668010289,,,,5.0,6.0,11.0
3453,1525,,,,,,0.0,0.0,0.0,9.6,0.9368197229466007,,,,1.0,4.0,4.0
3456,1528,,,,,,0.0,0.0,0.0,,,,,,0.0,0.0,0.0
3466,1538,,,,,,0.0,0.0,0.0,,,,,,0.0,0.0,0.0
3475,1547,,,,,,0.0,0.0,0.0,,,,,,0.0,0.0,0.0
3480,1552,,,,,,0.0,0.0,0.0,,,,,,0.0,0.0,0.0
3481,1553,,,,,,0.0,0.0,0.0,,,,,,0.0,0.0,0.0
3503,1575,,,,,,0.0,0.0,0.0,,,,,,0.0,0.0,0.0
3516,1664,,,,,,0.0,0.0,0.0,,,,,,0.0,0.0,0.0
3523,1671,,,,,,0.0,0.0,0.0,4.8353808353808345,0.05779375552593047,4.788162264402362,,588.6070631487794,41.0,409.0,1780.0
3526,1674,,,,,,0.0,0.0,0.0,7.199999999999999,0.9286920668010289,,,,1.0,6.0,6.0
3529,1677,,,,,,0.0,0.0,0.0,,,,,,0.0,0.0,0.0
3576,1724,,,,,,0.0,0.0,0.0,,,,,,0.0,0.0,0.0
3579,1727,5.2,0.04797297765990853,4.869652973051559,0.2240827011416336,22.072887004800624,13.32,62.0,73.32,4.854442344045368,0.041273901239852404,4.842246356729574,0.4143322618479262,100.34081604887785,134.0,1589.0,7640.0
3580,1728,115.19999999999999,0.20354800114469931,,,,111.0,1.0,111.0,5.135208535402523,0.02078763698551841,5.11573966768067,0.05804444228621451,8.190637690326762,610.0,1033.0,6978.0
3596,1744,,,,,,0.0,0.0,0.0,,,,,,0.0,0.0,0.0
3613,1761,,,,,,0.0,0.0,0.0,,,,,,0.0,0.0,0.0
3614,1762,,,,,,0.0,0.0,0.0,,,,,,0.0,0.0,0.0
3618,1766,,,,,,0.0,0.0,0.0,,,,,,0.0,0.0,0.0
3624,1772,,,,,,0.0,0.0,0.0,,,,,,0.0,0.0,0.0
3630,1778,,,,,,0.0,0.0,0.0,,,,,,0.0,0.0,0.0
3636,1784,,,,,,0.0,0.0,0.0,,,,,,0.0,0.0,0.0
3649,1797,4.8,0.9233584497559495,,,,0.72,2.0,0.84,,,,,,0.0,0.0,0.0
3668,1960,5.585454545454546,0.0316282027330061,5.2090861814018,0.06912729087052819,5.045672708094516,33.36,57.0,58.559999999999995,4.815141955835962,0.9233588294996997,4.7848818897637795,,4149845505028915.0,18.0,636.0,1763.0
3677,1969,14.4,0.022543313102729404,9.073534183054413,0.02339702139593939,0.8329916760283856,44.64,9.0,69.72,,,,,,0.0,0.0,0.0
3679,1971,5.023255813953488,0.92343642576723,4.581818181818182,,-4987384743591936.0,2.52,45.0,16.68,,,,,,0.0,0.0,0.0
3708,2000,,,,,,0.0,0.0,0.0,,,,,,0.0,0.0,0.0
3743,2035,,,,,,0.0,0.0,0.0,,,,,,0.0,0.0,0.0
3748,2040,5.251764705882353,0.04165202032325055,5.014652840392005,0.14794093665320346,13.154440400915439,17.88,87.0,82.44,4.811650485436893,0.9233586747832928,,,,25.0,826.0,1505.0
3749,2041,,,,,,0.0,0.0,0.0,4.825691347011596,0.04756432057242308,4.808519519775198,,314.4324015843837,102.0,1123.0,3353.0
3754,2046,,,,,,0.0,0.0,0.0,,,,,,0.0,0.0,0.0
3779,2071,,,,,,0.0,0.0,0.0,,,,,,0.0,0.0,0.0
3794,2086,,,,,,0.0,0.0,0.0,,,,,,0.0,0.0,0.0
3806,2098,,,,,,0.0,0.0,0.0,,,,,,0.0,0.0,0.0
3812,2104,,,,,,0.0,0.0,0.0,4.8,0.9233584497559495,,,,1.0,1.0,1.0
3820,2112,,,,,,0.0,0.0,0.0,4.895184135977337,0.04765877417296374,4.876781738165176,0.3975322286619835,70.0131194732206,90.0,1061.0,9135.0
3821,2113,,,,,,0.0,0.0,0.0,4.84811102544333,0.05781067979850955,4.833202391656822,0.0,172.87953217893028,54.0,1299.0,8910.0
3834,2126,,,,,,0.0,0.0,0.0,,,,,,0.0,0.0,0.0
3843,2135,,,,,,0.0,0.0,0.0,,,,,,0.0,0.0,0.0
3874,2166,,,,,,0.0,0.0,0.0,,,,,,0.0,0.0,0.0
3877,2169,,,,,,0.0,0.0,0.0,,,,,,0.0,0.0,0.0
3881,2173,,,,,,0.0,0.0,0.0,,,,,,0.0,0.0,0.0
3882,2174,,,,,,0.0,0.0,0.0,4.810245464247599,0.9233586238483538,,,,9.0,939.0,1618.0
3887,2179,5.883870967741935,0.04820823196109308,5.193413681415914,0.13996902683279092,9.122913048810243,11.52,33.0,66.0,,,,,,0.0,0.0,0.0
3890,2182,60.0,0.009162292405189502,-51.69795004560793,0.19326342639945382,-2.0734095120596177,81.84,2.0,110.64,4.938628158844765,0.04137294213846494,4.924444602911213,0.2714151039333815,44.06191122154735,155.0,1387.0,7401.0
3891,2183,,,,,,0.0,0.0,0.0,4.818648018648019,0.057770898097903055,4.803704687558198,,621.3211816372931,70.0,1289.0,4103.0
3892,2184,57.599999999999994,0.008407991779853317,-18.933558792198895,0.007891808907073498,-0.11436478715808074,107.88,2.0,110.88,4.8639573617588265,0.04761746282061777,4.851036823783749,0.4970432247943337,108.76845241422305,111.0,1503.0,8473.0
3893,2185,6.6580645161290315,0.04172896614832122,5.890628431252326,0.08183065225221599,4.40417928673438,16.439999999999998,33.0,87.72,5.235908141962422,0.03725504449350457,5.214378415900194,0.12874604640142787,13.265654899445707,168.0,960.0,10529.0
3896,2188,,,,,,0.0,0.0,0.0,8.0,0.9313985454882467,,,,1.0,5.0,5.0
3922,2214,,,,,,0.0,0.0,0.0,,,,,,0.0,0.0,0.0
3939,2231,,,,,,0.0,0.0,0.0,,,,,,0.0,0.0,0.0
4003,2295,,,,,,0.0,0.0,0.0,,,,,,0.0,0.0,0.0
4009,2301,,,,,,0.0,0.0,0.0,,,,,,0.0,0.0,0.0
4013,2305,,,,,,0.0,0.0,0.0,,,,,,0.0,0.0,0.0
4026,2318,,,,,,0.0,0.0,0.0,,,,,,0.0,0.0,0.0
4033,2325,,,,,,0.0,0.0,0.0,,,,,,0.0,0.0,0.0
4037,2329,,,,,,0.0,0.0,0.0,,,,,,0.0,0.0,0.0
4047,2339,,,,,,0.0,0.0,0.0,,,,,,0.0,0.0,0.0
4059,2351,,,,,,0.0,0.0,0.0,,,,,,0.0,0.0,0.0
4060,2352,,,,,,0.0,0.0,0.0,,,,,,0.0,0.0,0.0
4069,2361,,,,,,0.0,0.0,0.0,,,,,,0.0,0.0,0.0
4082,2374,,,,,,0.0,0.0,0.0,,,,,,0.0,0.0,0.0
4085,2377,,,,,,0.0,0.0,0.0,,,,,,0.0,0.0,0.0
4096,2388,,,,,,0.0,0.0,0.0,,,,,,0.0,0.0,0.0
4110,2402,,,,,,0.0,0.0,0.0,,,,,,0.0,0.0,0.0
4114,2406,,,,,,0.0,0.0,0.0,,,,,,0.0,0.0,0.0
4115,2407,,,,,,0.0,0.0,0.0,,,,,,0.0,0.0,0.0
4130,2422,,,,,,0.0,0.0,0.0,,,,,,0.0,0.0,0.0
4146,2438,,,,,,0.0,0.0,0.0,,,,,,0.0,0.0,0.0
4160,2452,,,,,,0.0,0.0,0.0,,,,,,0.0,0.0,0.0
4187,2479,,,,,,0.0,0.0,0.0,,,,,,0.0,0.0,0.0
4190,2482,,,,,,0.0,0.0,0.0,,,,,,0.0,0.0,0.0
4210,2502,,,,,,0.0,0.0,0.0,,,,,,0.0,0.0,0.0
4213,2505,,,,,,0.0,0.0,0.0,,,,,,0.0,0.0,0.0
4222,2514,,,,,,0.0,0.0,0.0,,,,,,0.0,0.0,0.0
4225,2517,5.55,0.04816303208288068,4.914807411436434,0.16705907478138743,12.366726197545441,13.559999999999999,34.0,43.559999999999995,14.399999999999999,0.9502408812101535,,,,1.0,3.0,3.0
4236,2528,,,,,,0.0,0.0,0.0,,,,,,0.0,0.0,0.0
4242,2534,,,,,,0.0,0.0,0.0,,,,,,0.0,0.0,0.0
4249,2541,,,,,,0.0,0.0,0.0,,,,,,0.0,0.0,0.0
4252,2544,,,,,,0.0,0.0,0.0,,,,,,0.0,0.0,0.0
4254,2546,,,,,,0.0,0.0,0.0,,,,,,0.0,0.0,0.0
