SimType,ResID,Total_Occupancy,N,Max_ResTime,ExpDist_Mean,GammaDist_Mean,GammaDist_k
All_Atom,1,2.6399999999999997,6,1.56,7.199999999999999,,
All_Atom,15,0.0,0,0.0,,,
All_Atom,21,0.0,0,0.0,,,
All_Atom,22,0.0,0,0.0,,,
All_Atom,30,0.24,2,0.12,4.8,,
All_Atom,42,0.0,0,0.0,,,
All_Atom,63,171.84,32,25.68,9.6,8.519761839873325,1.6180622445779327
All_Atom,65,141.96,47,41.4,7.573333333333332,6.98712934317257,1.7878779310986546
All_Atom,83,0.0,0,0.0,,,
All_Atom,89,0.0,0,0.0,,,
All_Atom,122,0.0,0,0.0,,,
All_Atom,134,0.0,0,0.0,,,
All_Atom,135,0.0,0,0.0,,,
All_Atom,161,92.39999999999999,62,46.68,5.84,5.48416828511132,3.2483977442079377
All_Atom,162,4.2,1,4.2,4.8,,
All_Atom,167,100.44,25,26.16,8.347826086956522,7.133058595634907,1.9280357321435928
All_Atom,168,162.96,69,20.04,6.376119402985075,6.025511507483182,3.5275271057632596
All_Atom,186,0.0,0,0.0,,,
All_Atom,188,0.0,0,0.0,,,
All_Atom,198,0.0,0,0.0,,,
All_Atom,207,0.0,0,0.0,,,
All_Atom,224,0.0,0,0.0,,,
All_Atom,242,154.44,32,72.96,9.44,8.432013248322333,0.9166492709758103
All_Atom,243,68.39999999999999,40,26.64,6.315789473684209,5.719411934825255,3.4775583590199215
All_Atom,244,136.68,29,38.879999999999995,9.066666666666666,7.935145494767696,1.7510053453522083
All_Atom,245,0.24,2,0.12,4.8,,
All_Atom,250,15.719999999999999,15,11.28,6.276923076923077,4.694344804180101,6.676526225119701
All_Atom,284,0.0,0,0.0,,,
All_Atom,287,0.0,0,0.0,,,
All_Atom,297,0.0,0,0.0,,,
All_Atom,306,0.0,0,0.0,,,
All_Atom,334,110.52,91,16.08,5.3393258426966295,5.109099128006747,11.923347876212567
All_Atom,340,0.0,0,0.0,,,
All_Atom,353,0.0,0,0.0,,,
All_Atom,366,0.0,0,0.0,,,
All_Atom,373,0.0,0,0.0,,,
All_Atom,378,0.0,0,0.0,,,
All_Atom,395,0.0,0,0.0,,,
All_Atom,420,184.79999999999998,33,60.48,9.445161290322579,8.431554535135966,1.32160274702759
All_Atom,423,117.72,46,29.64,6.654545454545455,6.107017087671071,3.545149300932542
All_Atom,443,0.0,0,0.0,,,
All_Atom,475,0.0,0,0.0,,,
All_Atom,481,0.0,0,0.0,,,
All_Atom,486,0.0,0,0.0,,,
All_Atom,488,0.0,0,0.0,,,
All_Atom,513,0.48,2,0.36,4.8,,
All_Atom,514,0.0,0,0.0,,,
All_Atom,529,0.0,0,0.0,,,
All_Atom,537,0.0,0,0.0,,,
All_Atom,548,0.0,0,0.0,,,
All_Atom,554,0.0,0,0.0,,,
All_Atom,559,0.0,0,0.0,,,
All_Atom,565,0.0,0,0.0,,,
All_Atom,566,0.0,0,0.0,,,
All_Atom,569,0.0,0,0.0,,,
All_Atom,570,0.0,0,0.0,,,
All_Atom,572,0.0,0,0.0,,,
All_Atom,574,0.0,0,0.0,,,
All_Atom,577,0.0,0,0.0,,,
All_Atom,579,0.0,0,0.0,,,
All_Atom,589,0.0,0,0.0,,,
All_Atom,610,0.0,0,0.0,,,
All_Atom,613,0.0,0,0.0,,,
All_Atom,617,0.0,0,0.0,,,
All_Atom,620,0.0,0,0.0,,,
All_Atom,630,0.0,0,0.0,,,
All_Atom,639,0.0,0,0.0,,,
All_Atom,644,0.0,0,0.0,,,
All_Atom,645,0.0,0,0.0,,,
All_Atom,667,0.0,0,0.0,,,
All_Atom,680,0.0,0,0.0,,,
All_Atom,687,0.0,0,0.0,,,
All_Atom,690,0.0,0,0.0,,,
All_Atom,693,0.0,0,0.0,,,
All_Atom,740,187.68,15,104.75999999999999,17.72307692307692,13.90659827149684,0.582009031149881
All_Atom,743,190.79999999999998,3,128.04,196.79999999999998,12.371994876010339,0.19956190241851401
All_Atom,744,175.44,35,75.84,9.163636363636362,8.25084329654498,1.1123180932219046
All_Atom,760,0.0,0,0.0,,,
All_Atom,777,0.0,0,0.0,,,
All_Atom,778,0.0,0,0.0,,,
All_Atom,782,0.0,0,0.0,,,
All_Atom,788,0.0,0,0.0,,,
All_Atom,794,0.0,0,0.0,,,
All_Atom,800,0.0,0,0.0,,,
All_Atom,813,98.75999999999999,11,89.88,16.0,11.40006210448141,0.5009524724093328
All_Atom,832,89.03999999999999,59,9.48,5.473684210526316,5.109305260806345,16.525249972018013
All_Atom,841,51.0,53,14.28,5.176470588235294,4.79206774959835,24.081477733740023
All_Atom,843,0.12,1,0.12,4.8,,
All_Atom,872,0.0,0,0.0,,,
All_Atom,907,0.0,0,0.0,,,
All_Atom,912,180.12,42,39.72,8.52,7.785605150223303,1.6913113817153507
All_Atom,913,190.32,6,130.44,51.6,25.059254726664193,0.45510750413836076
All_Atom,918,0.0,0,0.0,,,
All_Atom,943,0.0,0,0.0,,,
All_Atom,958,0.0,0,0.0,,,
All_Atom,970,0.0,0,0.0,,,
All_Atom,976,3.36,10,0.72,6.0,,
All_Atom,984,0.0,0,0.0,,,
All_Atom,985,0.0,0,0.0,,,
All_Atom,998,0.0,0,0.0,,,
All_Atom,1007,0.0,0,0.0,,,
All_Atom,1038,0.0,0,0.0,,,
All_Atom,1041,0.0,0,0.0,,,
All_Atom,1045,0.0,0,0.0,,,
All_Atom,1046,0.0,0,0.0,,,
All_Atom,1051,0.48,2,0.36,4.8,,
All_Atom,1054,169.56,12,120.83999999999999,22.080000000000002,16.352268888742888,0.43362381077913725
All_Atom,1055,42.48,37,18.36,5.76,5.160499009290432,6.4288626350708045
All_Atom,1056,52.559999999999995,11,17.64,9.600000000000001,6.474594118050137,1.9820507925285056
All_Atom,1057,47.76,53,9.6,5.176470588235294,4.791105255678869,38.90881955229806
All_Atom,1060,0.0,0,0.0,,,
All_Atom,1086,0.0,0,0.0,,,
All_Atom,1103,0.0,0,0.0,,,
All_Atom,1167,0.0,0,0.0,,,
All_Atom,1173,0.0,0,0.0,,,
All_Atom,1177,0.0,0,0.0,,,
All_Atom,1190,0.0,0,0.0,,,
All_Atom,1197,0.0,0,0.0,,,
All_Atom,1201,0.0,0,0.0,,,
All_Atom,1211,0.0,0,0.0,,,
All_Atom,1223,0.0,0,0.0,,,
All_Atom,1224,0.0,0,0.0,,,
All_Atom,1233,0.0,0,0.0,,,
All_Atom,1246,0.0,0,0.0,,,
All_Atom,1249,0.0,0,0.0,,,
All_Atom,1260,0.0,0,0.0,,,
All_Atom,1274,0.0,0,0.0,,,
All_Atom,1278,0.0,0,0.0,,,
All_Atom,1279,0.0,0,0.0,,,
All_Atom,1294,0.0,0,0.0,,,
All_Atom,1310,0.0,0,0.0,,,
All_Atom,1324,0.0,0,0.0,,,
All_Atom,1351,0.0,0,0.0,,,
All_Atom,1354,0.0,0,0.0,,,
All_Atom,1374,0.0,0,0.0,,,
All_Atom,1377,0.0,0,0.0,,,
All_Atom,1386,0.0,0,0.0,,,
All_Atom,1389,105.96,46,25.8,6.327272727272727,5.806480785190625,3.5756762921474947
All_Atom,1400,0.0,0,0.0,,,
All_Atom,1406,0.0,0,0.0,,,
All_Atom,1413,0.0,0,0.0,,,
All_Atom,1416,0.0,0,0.0,,,
All_Atom,1418,0.0,0,0.0,,,
All_Atom,1419,5.64,3,4.08,14.399999999999999,,
All_Atom,1433,148.32,54,46.559999999999995,6.553846153846153,6.103407333302195,2.373521940478872
All_Atom,1439,0.0,0,0.0,,,
All_Atom,1440,0.0,0,0.0,,,
All_Atom,1448,0.0,0,0.0,,,
All_Atom,1460,0.0,0,0.0,,,
All_Atom,1481,0.0,0,0.0,,,
All_Atom,1483,0.0,0,0.0,,,
All_Atom,1501,0.0,0,0.0,,,
All_Atom,1507,0.0,0,0.0,,,
All_Atom,1540,0.0,0,0.0,,,
All_Atom,1552,0.0,0,0.0,,,
All_Atom,1553,0.0,0,0.0,,,
All_Atom,1579,184.56,17,64.08,16.32,13.063152063499281,0.8988570903294202
All_Atom,1580,165.96,54,46.199999999999996,7.292307692307691,6.802688272433349,1.6938879024903677
All_Atom,1585,0.0,0,0.0,,,
All_Atom,1586,181.79999999999998,30,36.12,10.457142857142856,9.21666343604929,1.4098425396823464
All_Atom,1604,0.0,0,0.0,,,
All_Atom,1606,0.0,0,0.0,,,
All_Atom,1616,0.0,0,0.0,,,
All_Atom,1625,0.0,0,0.0,,,
All_Atom,1642,0.0,0,0.0,,,
All_Atom,1660,143.16,39,60.599999999999994,7.913513513513513,7.192677737300007,1.352798028101986
All_Atom,1661,3.7199999999999998,12,1.2,5.76,,
All_Atom,1662,168.6,53,73.2,7.247058823529412,6.753490714762834,1.6034229173370027
All_Atom,1663,0.0,0,0.0,,,
All_Atom,1668,178.32,44,65.88,7.999999999999998,7.354878673419016,1.3246680542563782
All_Atom,1702,0.0,0,0.0,,,
All_Atom,1705,0.0,0,0.0,,,
All_Atom,1715,0.0,0,0.0,,,
All_Atom,1724,0.0,0,0.0,,,
All_Atom,1752,153.35999999999999,62,45.239999999999995,6.48,6.089083071876269,2.6761935547831786
All_Atom,1758,0.0,0,0.0,,,
All_Atom,1771,1.2,1,1.2,4.8,,
All_Atom,1784,0.0,0,0.0,,,
All_Atom,1791,0.0,0,0.0,,,
All_Atom,1796,0.0,0,0.0,,,
All_Atom,1813,0.0,0,0.0,,,
All_Atom,1838,0.0,0,0.0,,,
All_Atom,1841,0.0,0,0.0,,,
All_Atom,1861,0.0,0,0.0,,,
All_Atom,1893,0.0,0,0.0,,,
All_Atom,1899,0.0,0,0.0,,,
All_Atom,1904,0.0,0,0.0,,,
All_Atom,1906,0.0,0,0.0,,,
All_Atom,1931,0.12,1,0.12,4.8,,
All_Atom,1932,0.0,0,0.0,,,
All_Atom,1947,0.0,0,0.0,,,
All_Atom,1955,0.0,0,0.0,,,
All_Atom,1966,0.0,0,0.0,,,
All_Atom,1972,0.0,0,0.0,,,
All_Atom,1977,0.0,0,0.0,,,
All_Atom,1983,0.0,0,0.0,,,
All_Atom,1984,0.0,0,0.0,,,
All_Atom,1987,0.0,0,0.0,,,
All_Atom,1988,0.0,0,0.0,,,
All_Atom,1990,0.0,0,0.0,,,
All_Atom,1992,0.0,0,0.0,,,
All_Atom,1995,0.0,0,0.0,,,
All_Atom,1997,0.0,0,0.0,,,
All_Atom,2007,0.0,0,0.0,,,
All_Atom,2028,9.24,24,1.92,5.236363636363635,,
All_Atom,2031,0.0,0,0.0,,,
All_Atom,2035,0.0,0,0.0,,,
All_Atom,2038,0.0,0,0.0,,,
All_Atom,2048,0.0,0,0.0,,,
All_Atom,2057,0.0,0,0.0,,,
All_Atom,2062,0.0,0,0.0,,,
All_Atom,2063,0.0,0,0.0,,,
All_Atom,2085,0.0,0,0.0,,,
All_Atom,2098,0.84,3,0.6,14.399999999999999,,
All_Atom,2105,189.72,10,85.2,28.199999999999996,19.10524972633982,0.6026595003074531
All_Atom,2108,152.04,50,28.56,6.999999999999999,6.475509881158873,2.8246593867023204
All_Atom,2111,0.0,0,0.0,,,
All_Atom,2158,0.0,0,0.0,,,
All_Atom,2161,0.0,0,0.0,,,
All_Atom,2162,0.0,0,0.0,,,
All_Atom,2178,0.0,0,0.0,,,
All_Atom,2195,0.0,0,0.0,,,
All_Atom,2196,0.0,0,0.0,,,
All_Atom,2200,0.0,0,0.0,,,
All_Atom,2206,0.0,0,0.0,,,
All_Atom,2212,0.0,0,0.0,,,
All_Atom,2218,0.0,0,0.0,,,
All_Atom,2231,0.0,0,0.0,,,
All_Atom,2250,0.0,0,0.0,,,
All_Atom,2259,0.0,0,0.0,,,
All_Atom,2261,0.84,1,0.84,4.8,,
All_Atom,2290,0.0,0,0.0,,,
All_Atom,2325,0.0,0,0.0,,,
All_Atom,2330,191.04,1,191.04,192.0,,
All_Atom,2331,147.0,39,45.6,7.913513513513513,7.173566440115517,1.8780299223882233
All_Atom,2336,0.0,0,0.0,,,
All_Atom,2361,0.0,0,0.0,,,
All_Atom,2376,0.0,0,0.0,,,
All_Atom,2388,0.0,0,0.0,,,
All_Atom,2394,0.0,0,0.0,,,
All_Atom,2402,0.0,0,0.0,,,
All_Atom,2403,4.08,8,3.12,6.3999999999999995,,
All_Atom,2416,0.0,0,0.0,,,
All_Atom,2425,0.0,0,0.0,,,
All_Atom,2456,0.0,0,0.0,,,
All_Atom,2459,0.0,0,0.0,,,
All_Atom,2463,0.0,0,0.0,,,
All_Atom,2464,184.92,9,60.599999999999994,30.171428571428574,19.023992577667563,0.8232716669631988
All_Atom,2469,0.12,1,0.12,4.8,,
All_Atom,2472,58.919999999999995,43,19.68,5.736585365853658,5.222497997243439,6.170217399923975
All_Atom,2473,186.0,4,147.48,98.39999999999999,28.191431640439504,0.26465264996989757
All_Atom,2474,166.07999999999998,62,27.119999999999997,6.72,6.308749875024128,3.578849429027379
All_Atom,2475,190.07999999999998,6,105.36,51.599999999999994,25.73220174322335,0.3636444639810787
All_Atom,2478,0.0,0,0.0,,,
All_Atom,2504,0.0,0,0.0,,,
All_Atom,2521,0.0,0,0.0,,,
All_Atom,2585,0.0,0,0.0,,,
All_Atom,2591,0.0,0,0.0,,,
All_Atom,2595,0.0,0,0.0,,,
All_Atom,2608,0.0,0,0.0,,,
All_Atom,2615,0.0,0,0.0,,,
All_Atom,2619,0.0,0,0.0,,,
All_Atom,2629,0.0,0,0.0,,,
All_Atom,2641,0.0,0,0.0,,,
All_Atom,2642,0.0,0,0.0,,,
All_Atom,2651,0.0,0,0.0,,,
All_Atom,2664,0.0,0,0.0,,,
All_Atom,2667,0.0,0,0.0,,,
All_Atom,2678,0.0,0,0.0,,,
All_Atom,2692,0.0,0,0.0,,,
All_Atom,2696,0.0,0,0.0,,,
All_Atom,2697,0.0,0,0.0,,,
All_Atom,2712,0.0,0,0.0,,,
All_Atom,2728,0.0,0,0.0,,,
All_Atom,2742,0.0,0,0.0,,,
All_Atom,2769,0.0,0,0.0,,,
All_Atom,2772,0.0,0,0.0,,,
All_Atom,2792,0.0,0,0.0,,,
All_Atom,2795,0.0,0,0.0,,,
All_Atom,2804,0.0,0,0.0,,,
All_Atom,2807,3.7199999999999998,1,3.7199999999999998,4.8,,
All_Atom,2818,0.0,0,0.0,,,
All_Atom,2824,0.0,0,0.0,,,
All_Atom,2831,0.0,0,0.0,,,
All_Atom,2834,0.0,0,0.0,,,
All_Atom,2836,0.0,0,0.0,,,
All_Atom,2837,0.0,0,0.0,,,
All_Atom,2851,152.88,44,43.32,7.428571428571429,6.811112120446119,1.933889977376545
All_Atom,2857,0.0,0,0.0,,,
All_Atom,2858,19.919999999999998,55,7.8,5.071698113207548,4.706997506790755,77.81081413100195
All_Atom,2866,0.0,0,0.0,,,
All_Atom,2878,0.0,0,0.0,,,
All_Atom,2899,180.12,31,54.96,10.09655172413793,8.965091984196576,1.080649251432225
All_Atom,2901,12.36,29,2.28,5.155555555555555,,
All_Atom,2919,0.0,0,0.0,,,
All_Atom,2925,0.0,0,0.0,,,
All_Atom,2958,0.0,0,0.0,,,
All_Atom,2970,0.0,0,0.0,,,
All_Atom,2971,0.0,0,0.0,,,
All_Atom,2997,15.12,5,12.24,11.199999999999998,3.6389386547265636,1.7251587014691725
All_Atom,2998,1.92,3,1.56,14.399999999999999,,
All_Atom,3003,139.44,71,21.0,5.913043478260869,5.592685561170143,5.06038908171965
All_Atom,3004,175.79999999999998,32,28.439999999999998,9.44,8.35936641551516,2.054447612518146
All_Atom,3022,0.0,0,0.0,,,
All_Atom,3024,5.64,13,1.68,5.672727272727273,,
All_Atom,3034,140.76,51,27.959999999999997,7.151020408163265,6.629584502513134,2.468388668070028
All_Atom,3043,0.0,0,0.0,,,
All_Atom,3060,0.0,0,0.0,,,
All_Atom,3078,190.32,5,111.11999999999999,68.8,28.038839154003178,0.33639466279460845
All_Atom,3079,125.75999999999999,55,110.64,7.064150943396226,6.618579674700577,1.0375216509215575
All_Atom,3080,190.92,2,144.23999999999998,98.39999999999999,-79.68959009059425,-1.3975072562343391
All_Atom,3081,112.2,80,18.84,5.723076923076923,5.445924401003912,6.34650145178301
All_Atom,3086,167.28,50,47.28,7.699999999999999,7.142565403748226,1.666684690024502
All_Atom,3120,0.0,0,0.0,,,
All_Atom,3123,0.0,0,0.0,,,
All_Atom,3133,0.0,0,0.0,,,
All_Atom,3142,0.0,0,0.0,,,
All_Atom,3170,110.28,89,17.4,5.517241379310344,5.275567093691969,8.155751703866313
All_Atom,3176,0.0,0,0.0,,,
All_Atom,3189,0.0,0,0.0,,,
All_Atom,3202,0.0,0,0.0,,,
All_Atom,3209,0.0,0,0.0,,,
All_Atom,3214,0.0,0,0.0,,,
All_Atom,3231,0.0,0,0.0,,,
All_Atom,3256,147.96,38,27.959999999999997,7.7333333333333325,6.971013657615129,2.9408262798624527
All_Atom,3259,141.23999999999998,46,23.759999999999998,6.763636363636365,6.206321338041355,3.669184767174372
All_Atom,3279,0.0,0,0.0,,,
All_Atom,3311,0.0,0,0.0,,,
All_Atom,3317,0.0,0,0.0,,,
All_Atom,3322,0.0,0,0.0,,,
All_Atom,3324,0.0,0,0.0,,,
All_Atom,3349,64.2,12,31.919999999999998,11.040000000000001,7.850098497015024,1.206405764222473
All_Atom,3350,0.0,0,0.0,,,
All_Atom,3365,0.0,0,0.0,,,
All_Atom,3373,0.0,0,0.0,,,
All_Atom,3384,0.0,0,0.0,,,
All_Atom,3390,0.0,0,0.0,,,
All_Atom,3395,0.0,0,0.0,,,
All_Atom,3401,0.0,0,0.0,,,
All_Atom,3402,0.0,0,0.0,,,
All_Atom,3405,0.0,0,0.0,,,
All_Atom,3406,0.0,0,0.0,,,
All_Atom,3408,0.0,0,0.0,,,
All_Atom,3410,0.0,0,0.0,,,
All_Atom,3413,0.0,0,0.0,,,
All_Atom,3415,0.0,0,0.0,,,
All_Atom,3425,0.0,0,0.0,,,
All_Atom,3446,0.0,0,0.0,,,
All_Atom,3449,0.0,0,0.0,,,
All_Atom,3453,0.0,0,0.0,,,
All_Atom,3456,0.0,0,0.0,,,
All_Atom,3466,0.0,0,0.0,,,
All_Atom,3475,0.0,0,0.0,,,
All_Atom,3480,0.0,0,0.0,,,
All_Atom,3481,0.0,0,0.0,,,
All_Atom,3503,0.0,0,0.0,,,
All_Atom,3516,0.0,0,0.0,,,
All_Atom,3523,0.0,0,0.0,,,
All_Atom,3526,0.0,0,0.0,,,
All_Atom,3529,0.0,0,0.0,,,
All_Atom,3576,0.0,0,0.0,,,
All_Atom,3579,189.23999999999998,8,113.52,36.0,21.956602380563357,0.4689926559344619
All_Atom,3580,186.84,4,172.79999999999998,95.99999999999999,29.35748038214302,0.20939400736163213
All_Atom,3596,0.0,0,0.0,,,
All_Atom,3613,0.0,0,0.0,,,
All_Atom,3614,0.0,0,0.0,,,
All_Atom,3618,0.0,0,0.0,,,
All_Atom,3624,0.0,0,0.0,,,
All_Atom,3630,0.0,0,0.0,,,
All_Atom,3636,0.0,0,0.0,,,
All_Atom,3649,162.12,81,44.4,5.893670886075949,5.61628279598869,3.874040359295868
All_Atom,3668,0.48,3,0.24,14.399999999999999,,
All_Atom,3677,0.0,0,0.0,,,
All_Atom,3679,0.0,0,0.0,,,
All_Atom,3708,0.0,0,0.0,,,
All_Atom,3743,0.0,0,0.0,,,
All_Atom,3748,24.48,36,10.68,5.364705882352942,4.7826074111679135,16.32493826700481
All_Atom,3749,13.08,41,1.92,5.046153846153846,4.56,-4111293878580019.0
All_Atom,3754,0.0,0,0.0,,,
All_Atom,3779,0.0,0,0.0,,,
All_Atom,3794,0.0,0,0.0,,,
All_Atom,3806,0.0,0,0.0,,,
All_Atom,3812,142.44,21,45.839999999999996,11.621052631578946,9.713441551211195,1.0307592656778997
All_Atom,3820,149.04,58,72.96,6.857142857142856,6.429631160597771,1.6310607574533553
All_Atom,3821,190.32,4,94.32,100.8,24.64398040347252,0.44187917178841085
All_Atom,3834,0.0,0,0.0,,,
All_Atom,3843,0.0,0,0.0,,,
All_Atom,3874,0.0,0,0.0,,,
All_Atom,3877,0.0,0,0.0,,,
All_Atom,3881,0.0,0,0.0,,,
All_Atom,3882,177.95999999999998,28,35.519999999999996,10.892307692307693,9.50724299290257,1.4278181142301503
All_Atom,3887,0.0,0,0.0,,,
All_Atom,3890,190.68,2,95.39999999999999,96.0,,
All_Atom,3891,179.76,9,168.72,30.857142857142858,20.618010735946115,0.3152322076918449
All_Atom,3892,166.44,52,33.24,7.007999999999999,6.507571969427952,2.4020728659189987
All_Atom,3893,190.79999999999998,1,190.79999999999998,192.0,,
All_Atom,3896,0.0,0,0.0,,,
All_Atom,3922,0.0,0,0.0,,,
All_Atom,3939,0.0,0,0.0,,,
All_Atom,4003,0.0,0,0.0,,,
All_Atom,4009,0.0,0,0.0,,,
All_Atom,4013,0.0,0,0.0,,,
All_Atom,4026,0.0,0,0.0,,,
All_Atom,4033,0.0,0,0.0,,,
All_Atom,4037,0.0,0,0.0,,,
All_Atom,4047,0.0,0,0.0,,,
All_Atom,4059,0.0,0,0.0,,,
All_Atom,4060,0.0,0,0.0,,,
All_Atom,4069,0.0,0,0.0,,,
All_Atom,4082,0.0,0,0.0,,,
All_Atom,4085,0.0,0,0.0,,,
All_Atom,4096,0.0,0,0.0,,,
All_Atom,4110,0.0,0,0.0,,,
All_Atom,4114,0.0,0,0.0,,,
All_Atom,4115,0.0,0,0.0,,,
All_Atom,4130,0.0,0,0.0,,,
All_Atom,4146,0.0,0,0.0,,,
All_Atom,4160,0.0,0,0.0,,,
All_Atom,4187,0.0,0,0.0,,,
All_Atom,4190,0.0,0,0.0,,,
All_Atom,4210,0.0,0,0.0,,,
All_Atom,4213,0.0,0,0.0,,,
All_Atom,4222,0.0,0,0.0,,,
All_Atom,4225,0.0,0,0.0,,,
All_Atom,4236,0.0,0,0.0,,,
All_Atom,4242,0.0,0,0.0,,,
All_Atom,4249,0.0,0,0.0,,,
All_Atom,4252,0.0,0,0.0,,,
All_Atom,4254,0.0,0,0.0,,,
Coarse_Grain,1,5212.0,256,141.0,23.18740157480315,22.868931758429827,1.1556173954512354
Coarse_Grain,15,2012.0,309,423.0,9.77198697068404,9.667188864108946,0.6720891122857744
Coarse_Grain,21,0.0,0,0.0,,,
Coarse_Grain,22,0.0,0,0.0,,,
Coarse_Grain,30,0.0,0,0.0,,,
Coarse_Grain,42,0.0,0,0.0,,,
Coarse_Grain,63,8186.0,1095,320.0,10.355352241537053,10.321820600469389,1.2524311955616463
Coarse_Grain,65,3699.0,1567,35.0,5.542236421725239,5.528371630547545,8.524015359706663
Coarse_Grain,83,0.0,0,0.0,,,
Coarse_Grain,89,0.0,0,0.0,,,
Coarse_Grain,122,0.0,0,0.0,,,
Coarse_Grain,134,0.0,0,0.0,,,
Coarse_Grain,135,0.0,0,0.0,,,
Coarse_Grain,161,1071.0,277,48.0,7.156363636363637,7.059739933502966,2.4981098126960593
Coarse_Grain,162,73.0,50,6.0,5.1,4.697052642139008,70.58765160008643
Coarse_Grain,167,729.0,468,11.0,4.985407725321889,4.943012546239512,41.702694566916016
Coarse_Grain,168,9120.0,1666,85.0,8.249999999999998,8.231437653686674,2.5547436510112544
Coarse_Grain,186,0.0,0,0.0,,,
Coarse_Grain,188,182.0,141,4.0,4.869064748201438,4.73142857142857,3209144587989811.0
Coarse_Grain,198,4.0,4,1.0,9.6,,
Coarse_Grain,207,0.0,0,0.0,,,
Coarse_Grain,224,0.0,0,0.0,,,
Coarse_Grain,242,11288.0,168,664.0,70.6987951807229,69.29427034001901,0.716579744275495
Coarse_Grain,243,8961.0,1875,48.0,7.61388147357181,7.598485959582556,3.1348853444686635
Coarse_Grain,244,7620.0,2092,52.0,6.570717703349282,6.558626673868048,4.435065049357406
Coarse_Grain,245,18.0,18,1.0,5.3999999999999995,4.235294117647058,-2849934139195392.0
Coarse_Grain,250,8184.0,508,258.0,19.05770750988142,18.93287280404482,0.6953170196594725
Coarse_Grain,284,0.0,0,0.0,,,
Coarse_Grain,287,0.0,0,0.0,,,
Coarse_Grain,297,0.0,0,0.0,,,
Coarse_Grain,306,0.0,0,0.0,,,
Coarse_Grain,334,2289.0,1112,41.0,5.37945945945946,5.360423358672814,10.597827497484294
Coarse_Grain,340,0.0,0,0.0,,,
Coarse_Grain,353,9.0,2,6.0,7.199999999999999,-6.641133529747011,-3.992137670519753
Coarse_Grain,366,0.0,0,0.0,,,
Coarse_Grain,373,0.0,0,0.0,,,
Coarse_Grain,378,0.0,0,0.0,,,
Coarse_Grain,395,0.0,0,0.0,,,
Coarse_Grain,420,2292.0,546,50.0,7.261764705882352,7.211709407406219,2.755159705642211
Coarse_Grain,423,143.0,95,8.0,5.058064516129032,4.846950380192924,47.135080391808735
Coarse_Grain,443,0.0,0,0.0,,,
Coarse_Grain,475,0.0,0,0.0,,,
Coarse_Grain,481,0.0,0,0.0,,,
Coarse_Grain,486,0.0,0,0.0,,,
Coarse_Grain,488,0.0,0,0.0,,,
Coarse_Grain,513,0.0,0,0.0,,,
Coarse_Grain,514,0.0,0,0.0,,,
Coarse_Grain,529,67.0,53,5.0,5.176470588235294,4.791105255678869,38.90881955229806
Coarse_Grain,537,0.0,0,0.0,,,
Coarse_Grain,548,0.0,0,0.0,,,
Coarse_Grain,554,0.0,0,0.0,,,
Coarse_Grain,559,0.0,0,0.0,,,
Coarse_Grain,565,0.0,0,0.0,,,
Coarse_Grain,566,0.0,0,0.0,,,
Coarse_Grain,569,0.0,0,0.0,,,
Coarse_Grain,570,0.0,0,0.0,,,
Coarse_Grain,572,0.0,0,0.0,,,
Coarse_Grain,574,0.0,0,0.0,,,
Coarse_Grain,577,0.0,0,0.0,,,
Coarse_Grain,579,0.0,0,0.0,,,
Coarse_Grain,589,5047.0,784,86.0,9.207161125319692,9.163747171555137,2.0704319301647516
Coarse_Grain,610,0.0,0,0.0,,,
Coarse_Grain,613,0.0,0,0.0,,,
Coarse_Grain,617,0.0,0,0.0,,,
Coarse_Grain,620,0.0,0,0.0,,,
Coarse_Grain,630,0.0,0,0.0,,,
Coarse_Grain,639,1.0,1,1.0,4.8,,
Coarse_Grain,644,0.0,0,0.0,,,
Coarse_Grain,645,0.0,0,0.0,,,
Coarse_Grain,667,0.0,0,0.0,,,
Coarse_Grain,680,0.0,0,0.0,,,
Coarse_Grain,687,1010.0,103,180.0,12.879207920792078,12.446395410239521,1.000768842981114
Coarse_Grain,690,7.0,6,2.0,7.199999999999999,,
Coarse_Grain,693,0.0,0,0.0,,,
Coarse_Grain,740,248.0,124,14.0,5.272131147540983,5.10445336644302,16.26735476685531
Coarse_Grain,743,7802.0,1779,79.0,7.274282498593134,7.258866577889062,2.8217926047129316
Coarse_Grain,744,9533.0,757,153.0,15.417218543046358,15.344554162291894,1.3393764875887761
Coarse_Grain,760,0.0,0,0.0,,,
Coarse_Grain,777,0.0,0,0.0,,,
Coarse_Grain,778,0.0,0,0.0,,,
Coarse_Grain,782,0.0,0,0.0,,,
Coarse_Grain,788,0.0,0,0.0,,,
Coarse_Grain,794,0.0,0,0.0,,,
Coarse_Grain,800,0.0,0,0.0,,,
Coarse_Grain,813,2.0,2,1.0,4.8,,
Coarse_Grain,832,1038.0,600,12.0,5.072909698996655,5.039336163193627,25.876291630151815
Coarse_Grain,841,3430.0,241,281.0,17.432635983263598,17.198055843310996,0.5608896562406804
Coarse_Grain,843,567.0,438,9.0,4.844036697247706,4.799872619432175,316.66646661187235
Coarse_Grain,872,0.0,0,0.0,,,
Coarse_Grain,907,0.0,0,0.0,,,
Coarse_Grain,912,2037.0,1018,21.0,5.291338582677166,5.27083784736798,12.42226656101888
Coarse_Grain,913,5766.0,1063,344.0,8.482563619227145,8.454701462112428,1.0726742878031919
Coarse_Grain,918,0.0,0,0.0,,,
Coarse_Grain,943,0.0,0,0.0,,,
Coarse_Grain,958,0.0,0,0.0,,,
Coarse_Grain,970,0.0,0,0.0,,,
Coarse_Grain,976,0.0,0,0.0,,,
Coarse_Grain,984,835.0,120,57.0,9.803389830508474,9.500804827476443,2.1914696945919236
Coarse_Grain,985,987.0,170,32.0,8.714285714285714,8.522449617510125,2.5540162885780258
Coarse_Grain,998,0.0,0,0.0,,,
Coarse_Grain,1007,0.0,0,0.0,,,
Coarse_Grain,1038,0.0,0,0.0,,,
Coarse_Grain,1041,0.0,0,0.0,,,
Coarse_Grain,1045,0.0,0,0.0,,,
Coarse_Grain,1046,113.0,80,4.0,4.923076923076923,,
Coarse_Grain,1051,5.0,5,1.0,8.0,,
Coarse_Grain,1054,9111.0,602,252.0,17.848,17.745357950051105,0.9899842584622592
Coarse_Grain,1055,7112.0,1591,108.0,7.479421019509124,7.461920253320373,2.289251063029265
Coarse_Grain,1056,8690.0,1225,70.0,9.866884709730172,9.83717007001685,2.007971421838563
Coarse_Grain,1057,9521.0,851,200.0,14.09469964664311,14.03830414666019,0.8493160800807186
Coarse_Grain,1060,37.0,31,3.0,5.13103448275862,,
Coarse_Grain,1086,0.0,0,0.0,,,
Coarse_Grain,1103,0.0,0,0.0,,,
Coarse_Grain,1167,0.0,0,0.0,,,
Coarse_Grain,1173,0.0,0,0.0,,,
Coarse_Grain,1177,0.0,0,0.0,,,
Coarse_Grain,1190,0.0,0,0.0,,,
Coarse_Grain,1197,0.0,0,0.0,,,
Coarse_Grain,1201,0.0,0,0.0,,,
Coarse_Grain,1211,0.0,0,0.0,,,
Coarse_Grain,1223,0.0,0,0.0,,,
Coarse_Grain,1224,0.0,0,0.0,,,
Coarse_Grain,1233,0.0,0,0.0,,,
Coarse_Grain,1246,0.0,0,0.0,,,
Coarse_Grain,1249,0.0,0,0.0,,,
Coarse_Grain,1260,0.0,0,0.0,,,
Coarse_Grain,1274,0.0,0,0.0,,,
Coarse_Grain,1278,0.0,0,0.0,,,
Coarse_Grain,1279,0.0,0,0.0,,,
Coarse_Grain,1294,0.0,0,0.0,,,
Coarse_Grain,1310,0.0,0,0.0,,,
Coarse_Grain,1324,0.0,0,0.0,,,
Coarse_Grain,1351,0.0,0,0.0,,,
Coarse_Grain,1354,0.0,0,0.0,,,
Coarse_Grain,1374,0.0,0,0.0,,,
Coarse_Grain,1377,0.0,0,0.0,,,
Coarse_Grain,1386,0.0,0,0.0,,,
Coarse_Grain,1389,69.0,62,5.0,5.040000000000001,4.718082144192939,87.92056877914698
Coarse_Grain,1400,0.0,0,0.0,,,
Coarse_Grain,1406,0.0,0,0.0,,,
Coarse_Grain,1413,0.0,0,0.0,,,
Coarse_Grain,1416,0.0,0,0.0,,,
Coarse_Grain,1418,0.0,0,0.0,,,
Coarse_Grain,1419,880.0,224,28.0,6.832432432432432,6.715502009377014,4.135561035645278
Coarse_Grain,1433,29.0,16,7.0,5.828571428571428,4.428714046079614,21.297612639314266
Coarse_Grain,1439,0.0,0,0.0,,,
Coarse_Grain,1440,0.0,0,0.0,,,
Coarse_Grain,1448,0.0,0,0.0,,,
Coarse_Grain,1460,0.0,0,0.0,,,
Coarse_Grain,1481,7492.0,719,608.0,13.48284518828452,13.420142212558481,0.7244263946988915
Coarse_Grain,1483,4473.0,1146,100.0,6.944055944055943,6.921473017692204,2.332066137385499
Coarse_Grain,1501,0.0,0,0.0,,,
Coarse_Grain,1507,0.0,0,0.0,,,
Coarse_Grain,1540,0.0,0,0.0,,,
Coarse_Grain,1552,0.0,0,0.0,,,
Coarse_Grain,1553,0.0,0,0.0,,,
Coarse_Grain,1579,106.0,74,8.0,5.133333333333334,4.858943319177647,37.03822033623602
Coarse_Grain,1580,20.0,19,2.0,5.364705882352942,,
Coarse_Grain,1585,288.0,179,51.0,5.179661016949153,5.066779313367412,7.48233396039667
Coarse_Grain,1586,8005.0,1909,51.0,7.100576822233875,7.0863728050248245,3.6465594678442206
Coarse_Grain,1604,0.0,0,0.0,,,
Coarse_Grain,1606,0.0,0,0.0,,,
Coarse_Grain,1616,0.0,0,0.0,,,
Coarse_Grain,1625,0.0,0,0.0,,,
Coarse_Grain,1642,0.0,0,0.0,,,
Coarse_Grain,1660,11233.0,487,299.0,25.840824742268044,25.66128953657616,0.8037567987726963
Coarse_Grain,1661,8002.0,2068,97.0,6.835237173281703,6.822738292991061,2.981991343806634
Coarse_Grain,1662,8206.0,2212,34.0,6.624434389140271,6.612911912298606,4.372029480683124
Coarse_Grain,1663,57.0,50,3.0,5.0,,
Coarse_Grain,1668,4531.0,472,163.0,12.551489361702128,12.458011637177503,1.1491173648911734
Coarse_Grain,1702,0.0,0,0.0,,,
Coarse_Grain,1705,0.0,0,0.0,,,
Coarse_Grain,1715,0.0,0,0.0,,,
Coarse_Grain,1724,0.0,0,0.0,,,
Coarse_Grain,1752,2493.0,1066,161.0,5.530827067669172,5.510674963321685,5.8455177671265135
Coarse_Grain,1758,0.0,0,0.0,,,
Coarse_Grain,1771,0.0,0,0.0,,,
Coarse_Grain,1784,0.0,0,0.0,,,
Coarse_Grain,1791,0.0,0,0.0,,,
Coarse_Grain,1796,0.0,0,0.0,,,
Coarse_Grain,1813,0.0,0,0.0,,,
Coarse_Grain,1838,1979.0,440,40.0,7.484931506849314,7.420428218052594,3.1793937927213936
Coarse_Grain,1841,171.0,132,5.0,4.984615384615384,4.8345200411974,64.92634099191356
Coarse_Grain,1861,0.0,0,0.0,,,
Coarse_Grain,1893,0.0,0,0.0,,,
Coarse_Grain,1899,0.0,0,0.0,,,
Coarse_Grain,1904,0.0,0,0.0,,,
Coarse_Grain,1906,0.0,0,0.0,,,
Coarse_Grain,1931,0.0,0,0.0,,,
Coarse_Grain,1932,0.0,0,0.0,,,
Coarse_Grain,1947,2.0,2,1.0,4.8,,
Coarse_Grain,1955,0.0,0,0.0,,,
Coarse_Grain,1966,0.0,0,0.0,,,
Coarse_Grain,1972,0.0,0,0.0,,,
Coarse_Grain,1977,0.0,0,0.0,,,
Coarse_Grain,1983,0.0,0,0.0,,,
Coarse_Grain,1984,0.0,0,0.0,,,
Coarse_Grain,1987,0.0,0,0.0,,,
Coarse_Grain,1988,0.0,0,0.0,,,
Coarse_Grain,1990,0.0,0,0.0,,,
Coarse_Grain,1992,0.0,0,0.0,,,
Coarse_Grain,1995,0.0,0,0.0,,,
Coarse_Grain,1997,0.0,0,0.0,,,
Coarse_Grain,2007,2267.0,579,43.0,6.946273830155978,6.900711104332314,3.270949959835405
Coarse_Grain,2028,0.0,0,0.0,,,
Coarse_Grain,2031,0.0,0,0.0,,,
Coarse_Grain,2035,0.0,0,0.0,,,
Coarse_Grain,2038,0.0,0,0.0,,,
Coarse_Grain,2048,0.0,0,0.0,,,
Coarse_Grain,2057,0.0,0,0.0,,,
Coarse_Grain,2062,0.0,0,0.0,,,
Coarse_Grain,2063,0.0,0,0.0,,,
Coarse_Grain,2085,0.0,0,0.0,,,
Coarse_Grain,2098,6.0,6,1.0,7.199999999999999,,
Coarse_Grain,2105,10567.0,292,385.0,39.06206896551724,38.60455415196156,0.88646003912677
Coarse_Grain,2108,15.0,15,1.0,5.538461538461538,4.114285714285714,3799912185593856.0
Coarse_Grain,2111,0.0,0,0.0,,,
Coarse_Grain,2158,4.0,3,2.0,14.399999999999999,,
Coarse_Grain,2161,8484.0,680,286.0,15.256637168141593,15.180196055491374,0.8541988617472144
Coarse_Grain,2162,8766.0,540,927.0,19.030483271375463,18.9128564086538,0.7136120063288157
Coarse_Grain,2178,0.0,0,0.0,,,
Coarse_Grain,2195,0.0,0,0.0,,,
Coarse_Grain,2196,0.0,0,0.0,,,
Coarse_Grain,2200,0.0,0,0.0,,,
Coarse_Grain,2206,0.0,0,0.0,,,
Coarse_Grain,2212,0.0,0,0.0,,,
Coarse_Grain,2218,0.0,0,0.0,,,
Coarse_Grain,2231,0.0,0,0.0,,,
Coarse_Grain,2250,4037.0,988,45.0,7.039350912778905,7.0121566938903515,3.61886767981316
Coarse_Grain,2259,0.0,0,0.0,,,
Coarse_Grain,2261,0.0,0,0.0,,,
Coarse_Grain,2290,0.0,0,0.0,,,
Coarse_Grain,2325,0.0,0,0.0,,,
Coarse_Grain,2330,5955.0,1916,42.0,6.068965517241379,6.056676609846432,5.592612166120255
Coarse_Grain,2331,8222.0,1187,250.0,9.693164556962024,9.663636617183071,1.5553772142619333
Coarse_Grain,2336,0.0,0,0.0,,,
Coarse_Grain,2361,0.0,0,0.0,,,
Coarse_Grain,2376,0.0,0,0.0,,,
Coarse_Grain,2388,0.0,0,0.0,,,
Coarse_Grain,2394,0.0,0,0.0,,,
Coarse_Grain,2402,16.0,7,9.0,7.68,3.702775879049963,7.790382247416797
Coarse_Grain,2403,49.0,22,14.0,6.0,4.953541851169194,8.190253380198737
Coarse_Grain,2416,0.0,0,0.0,,,
Coarse_Grain,2425,0.0,0,0.0,,,
Coarse_Grain,2456,0.0,0,0.0,,,
Coarse_Grain,2459,0.0,0,0.0,,,
Coarse_Grain,2463,0.0,0,0.0,,,
Coarse_Grain,2464,656.0,217,31.0,6.184186046511629,6.07401760096706,5.247291818154696
Coarse_Grain,2469,1.0,1,1.0,4.8,,
Coarse_Grain,2472,6008.0,1231,105.0,7.838567941415786,7.814933888301234,2.190230429888076
Coarse_Grain,2473,6042.0,1056,80.0,8.698292220113851,8.667923307307156,1.9918670993315977
Coarse_Grain,2474,8611.0,1101,124.0,10.560873521383073,10.526334778653878,1.4816847429328037
Coarse_Grain,2475,9803.0,602,202.0,19.064,18.955969305888967,0.864247666203654
Coarse_Grain,2478,48.0,41,4.0,5.046153846153846,4.56,-4111293878580019.0
Coarse_Grain,2504,0.0,0,0.0,,,
Coarse_Grain,2521,0.0,0,0.0,,,
Coarse_Grain,2585,0.0,0,0.0,,,
Coarse_Grain,2591,0.0,0,0.0,,,
Coarse_Grain,2595,0.0,0,0.0,,,
Coarse_Grain,2608,0.0,0,0.0,,,
Coarse_Grain,2615,0.0,0,0.0,,,
Coarse_Grain,2619,0.0,0,0.0,,,
Coarse_Grain,2629,0.0,0,0.0,,,
Coarse_Grain,2641,0.0,0,0.0,,,
Coarse_Grain,2642,0.0,0,0.0,,,
Coarse_Grain,2651,0.0,0,0.0,,,
Coarse_Grain,2664,0.0,0,0.0,,,
Coarse_Grain,2667,0.0,0,0.0,,,
Coarse_Grain,2678,0.0,0,0.0,,,
Coarse_Grain,2692,0.0,0,0.0,,,
Coarse_Grain,2696,0.0,0,0.0,,,
Coarse_Grain,2697,0.0,0,0.0,,,
Coarse_Grain,2712,0.0,0,0.0,,,
Coarse_Grain,2728,0.0,0,0.0,,,
Coarse_Grain,2742,0.0,0,0.0,,,
Coarse_Grain,2769,0.0,0,0.0,,,
Coarse_Grain,2772,0.0,0,0.0,,,
Coarse_Grain,2792,0.0,0,0.0,,,
Coarse_Grain,2795,0.0,0,0.0,,,
Coarse_Grain,2804,0.0,0,0.0,,,
Coarse_Grain,2807,59.0,54,2.0,4.984615384615385,,
Coarse_Grain,2818,0.0,0,0.0,,,
Coarse_Grain,2824,0.0,0,0.0,,,
Coarse_Grain,2831,0.0,0,0.0,,,
Coarse_Grain,2834,0.0,0,0.0,,,
Coarse_Grain,2836,0.0,0,0.0,,,
Coarse_Grain,2837,490.0,125,35.0,6.868292682926829,6.658091197446231,4.056559145882906
Coarse_Grain,2851,1340.0,581,28.0,5.587564766839379,5.549953100468897,7.7866891504515445
Coarse_Grain,2857,0.0,0,0.0,,,
Coarse_Grain,2858,0.0,0,0.0,,,
Coarse_Grain,2866,0.0,0,0.0,,,
Coarse_Grain,2878,0.0,0,0.0,,,
Coarse_Grain,2899,8511.0,516,339.0,19.284046692607,19.15898963649616,0.7295571493166555
Coarse_Grain,2901,5904.0,1631,44.0,6.535543278084716,6.520078440951235,4.764853736667235
Coarse_Grain,2919,0.0,0,0.0,,,
Coarse_Grain,2925,0.0,0,0.0,,,
Coarse_Grain,2958,0.0,0,0.0,,,
Coarse_Grain,2970,0.0,0,0.0,,,
Coarse_Grain,2971,0.0,0,0.0,,,
Coarse_Grain,2997,334.0,259,6.0,4.856031128404668,4.781212933746781,372.1955285287814
Coarse_Grain,2998,57.0,41,7.0,5.292307692307692,4.785024617626245,30.238951147608983
Coarse_Grain,3003,1296.0,886,10.0,4.8814479638009045,4.859461915125519,92.42594637606148
Coarse_Grain,3004,9455.0,1500,121.0,9.173831775700933,9.15141160621873,1.8428325437759303
Coarse_Grain,3022,0.0,0,0.0,,,
Coarse_Grain,3024,54.0,50,3.0,5.0,,
Coarse_Grain,3034,7.0,7,1.0,6.720000000000001,,
Coarse_Grain,3043,0.0,0,0.0,,,
Coarse_Grain,3060,0.0,0,0.0,,,
Coarse_Grain,3078,10103.0,1181,297.0,11.448346055979645,11.414958195377489,0.9423177799907703
Coarse_Grain,3079,8727.0,1355,340.0,9.394235033259422,9.369841745461136,1.1567066096214915
Coarse_Grain,3080,10557.0,890,522.0,14.751351351351353,14.69447531311576,0.9110814825599157
Coarse_Grain,3081,111.0,75,6.0,4.997260273972603,4.732935529987745,106.69035340563588
Coarse_Grain,3086,8517.0,852,938.0,13.010823529411763,12.961169125805965,0.5717442885565465
Coarse_Grain,3120,0.0,0,0.0,,,
Coarse_Grain,3123,0.0,0,0.0,,,
Coarse_Grain,3133,0.0,0,0.0,,,
Coarse_Grain,3142,0.0,0,0.0,,,
Coarse_Grain,3170,1263.0,660,48.0,5.354407294832826,5.322704366766673,7.48375797260613
Coarse_Grain,3176,0.0,0,0.0,,,
Coarse_Grain,3189,0.0,0,0.0,,,
Coarse_Grain,3202,0.0,0,0.0,,,
Coarse_Grain,3209,0.0,0,0.0,,,
Coarse_Grain,3214,0.0,0,0.0,,,
Coarse_Grain,3231,0.0,0,0.0,,,
Coarse_Grain,3256,1642.0,419,56.0,6.964028776978417,6.901051132229837,3.1374286323934184
Coarse_Grain,3259,380.0,152,20.0,5.792000000000001,5.643399670297695,7.51728271506246
Coarse_Grain,3279,0.0,0,0.0,,,
Coarse_Grain,3311,0.0,0,0.0,,,
Coarse_Grain,3317,0.0,0,0.0,,,
Coarse_Grain,3322,0.0,0,0.0,,,
Coarse_Grain,3324,0.0,0,0.0,,,
Coarse_Grain,3349,0.0,0,0.0,,,
Coarse_Grain,3350,0.0,0,0.0,,,
Coarse_Grain,3365,84.0,69,2.0,4.943283582089552,,
Coarse_Grain,3373,0.0,0,0.0,,,
Coarse_Grain,3384,0.0,0,0.0,,,
Coarse_Grain,3390,0.0,0,0.0,,,
Coarse_Grain,3395,0.0,0,0.0,,,
Coarse_Grain,3401,0.0,0,0.0,,,
Coarse_Grain,3402,0.0,0,0.0,,,
Coarse_Grain,3405,0.0,0,0.0,,,
Coarse_Grain,3406,0.0,0,0.0,,,
Coarse_Grain,3408,0.0,0,0.0,,,
Coarse_Grain,3410,0.0,0,0.0,,,
Coarse_Grain,3413,0.0,0,0.0,,,
Coarse_Grain,3415,0.0,0,0.0,,,
Coarse_Grain,3425,987.0,275,38.0,6.663736263736264,6.570747745672162,4.211748092603825
Coarse_Grain,3446,291.0,102,24.0,5.808000000000001,5.586736694061064,6.837737193712416
Coarse_Grain,3449,11.0,6,5.0,8.4,3.422122791766511,6.171349476243327
Coarse_Grain,3453,4.0,4,1.0,9.6,,
Coarse_Grain,3456,0.0,0,0.0,,,
Coarse_Grain,3466,0.0,0,0.0,,,
Coarse_Grain,3475,0.0,0,0.0,,,
Coarse_Grain,3480,0.0,0,0.0,,,
Coarse_Grain,3481,0.0,0,0.0,,,
Coarse_Grain,3503,0.0,0,0.0,,,
Coarse_Grain,3516,0.0,0,0.0,,,
Coarse_Grain,3523,1780.0,409,41.0,7.382800982800981,7.314980071513354,2.6835901591655453
Coarse_Grain,3526,6.0,6,1.0,7.199999999999999,,
Coarse_Grain,3529,0.0,0,0.0,,,
Coarse_Grain,3576,0.0,0,0.0,,,
Coarse_Grain,3579,7640.0,1589,134.0,7.72476370510397,7.706609150223425,2.4040634897777666
Coarse_Grain,3580,6978.0,1033,610.0,9.81416100872939,9.782242975813327,0.7542301963555517
Coarse_Grain,3596,0.0,0,0.0,,,
Coarse_Grain,3613,0.0,0,0.0,,,
Coarse_Grain,3614,0.0,0,0.0,,,
Coarse_Grain,3618,0.0,0,0.0,,,
Coarse_Grain,3624,0.0,0,0.0,,,
Coarse_Grain,3630,0.0,0,0.0,,,
Coarse_Grain,3636,0.0,0,0.0,,,
Coarse_Grain,3649,0.0,0,0.0,,,
Coarse_Grain,3668,1763.0,636,18.0,5.852365930599369,5.816319509101043,8.393999740420057
Coarse_Grain,3677,0.0,0,0.0,,,
Coarse_Grain,3679,0.0,0,0.0,,,
Coarse_Grain,3708,0.0,0,0.0,,,
Coarse_Grain,3743,0.0,0,0.0,,,
Coarse_Grain,3748,1505.0,826,25.0,5.190291262135923,5.1654385915563505,15.752799188249865
Coarse_Grain,3749,3353.0,1123,102.0,6.041748438893845,6.021094189152522,4.1483982708947185
Coarse_Grain,3754,0.0,0,0.0,,,
Coarse_Grain,3779,0.0,0,0.0,,,
Coarse_Grain,3794,0.0,0,0.0,,,
Coarse_Grain,3806,0.0,0,0.0,,,
Coarse_Grain,3812,1.0,1,1.0,4.8,,
Coarse_Grain,3820,9135.0,1061,90.0,11.308781869688385,11.269678233624205,1.8634542426061065
Coarse_Grain,3821,8910.0,1299,54.0,9.570393215111798,9.542808987189272,2.507439548304964
Coarse_Grain,3834,0.0,0,0.0,,,
Coarse_Grain,3843,0.0,0,0.0,,,
Coarse_Grain,3874,0.0,0,0.0,,,
Coarse_Grain,3877,0.0,0,0.0,,,
Coarse_Grain,3881,0.0,0,0.0,,,
Coarse_Grain,3882,1618.0,939,9.0,5.0049092849519745,4.983692697966908,38.53404496773805
Coarse_Grain,3887,0.0,0,0.0,,,
Coarse_Grain,3890,7401.0,1387,155.0,8.43552346570397,8.413744770085774,1.3919841706700864
Coarse_Grain,3891,4103.0,1289,70.0,6.314219114219114,6.295500069997648,3.710051245492866
Coarse_Grain,3892,8473.0,1503,111.0,8.544703530979348,8.52371153285817,2.0321026505320985
Coarse_Grain,3893,10529.0,960,168.0,13.783716075156576,13.733593948280083,1.0707786195226476
Coarse_Grain,3896,5.0,5,1.0,8.0,,
Coarse_Grain,3922,0.0,0,0.0,,,
Coarse_Grain,3939,0.0,0,0.0,,,
Coarse_Grain,4003,0.0,0,0.0,,,
Coarse_Grain,4009,0.0,0,0.0,,,
Coarse_Grain,4013,0.0,0,0.0,,,
Coarse_Grain,4026,0.0,0,0.0,,,
Coarse_Grain,4033,0.0,0,0.0,,,
Coarse_Grain,4037,0.0,0,0.0,,,
Coarse_Grain,4047,0.0,0,0.0,,,
Coarse_Grain,4059,0.0,0,0.0,,,
Coarse_Grain,4060,0.0,0,0.0,,,
Coarse_Grain,4069,0.0,0,0.0,,,
Coarse_Grain,4082,0.0,0,0.0,,,
Coarse_Grain,4085,0.0,0,0.0,,,
Coarse_Grain,4096,0.0,0,0.0,,,
Coarse_Grain,4110,0.0,0,0.0,,,
Coarse_Grain,4114,0.0,0,0.0,,,
Coarse_Grain,4115,0.0,0,0.0,,,
Coarse_Grain,4130,0.0,0,0.0,,,
Coarse_Grain,4146,0.0,0,0.0,,,
Coarse_Grain,4160,0.0,0,0.0,,,
Coarse_Grain,4187,0.0,0,0.0,,,
Coarse_Grain,4190,0.0,0,0.0,,,
Coarse_Grain,4210,0.0,0,0.0,,,
Coarse_Grain,4213,0.0,0,0.0,,,
Coarse_Grain,4222,0.0,0,0.0,,,
Coarse_Grain,4225,3.0,3,1.0,14.399999999999999,,
Coarse_Grain,4236,0.0,0,0.0,,,
Coarse_Grain,4242,0.0,0,0.0,,,
Coarse_Grain,4249,0.0,0,0.0,,,
Coarse_Grain,4252,0.0,0,0.0,,,
Coarse_Grain,4254,0.0,0,0.0,,,
