ResID,SeqID,All_Atom.ExpDist_Mean,All_Atom.ExpDist_RMSE,All_Atom.GammaDist_Mean,All_Atom.GammaDist_RMSE,All_Atom.GammaDist_k,All_Atom.Max_ResTime,All_Atom.N,All_Atom.Total_Occupancy,Coarse_Grain.ExpDist_Mean,Coarse_Grain.ExpDist_RMSE,Coarse_Grain.GammaDist_Mean,Coarse_Grain.GammaDist_RMSE,Coarse_Grain.GammaDist_k,Coarse_Grain.Max_ResTime,Coarse_Grain.N,Coarse_Grain.Total_Occupancy,ResName,SASA
1,782,9.28,0.03209587591958374,8.047527893033706,0.04037151664272625,1.5647211592616654,32.0,27.0,171.0,23.03937007874016,0.011198023520176709,22.72466064275013,0.011516655047729269,1.0942329978180698,141.0,256.0,5212.0,ARG,227.08823737163215
15,796,10.111111111111109,0.02674185964320049,9.1698570240809,0.031632454016798275,1.292284134694352,44.0,38.0,268.0,9.094462540716613,0.008828655467342702,8.998250943592078,0.00749457513226595,0.5990333567105011,423.0,309.0,2012.0,ARG,269.30838620424254
21,802,21.48837209302325,0.010854536594358451,19.911490834300963,0.010335438485452935,0.6662662336929267,159.0,45.0,810.0,,,,,,0.0,0.0,0.0,ARG,278.03211145112766
22,803,78.33333333333333,0.003341248846858635,61.32858716387288,0.003400954218502359,0.3486354354538681,539.0,14.0,903.0,,,,,,0.0,0.0,0.0,ARG,684.7234677184932
30,811,9.538461538461537,0.0248221792442618,7.386159416183907,0.026995103957179828,0.8921591227319714,50.0,15.0,87.0,,,,,,0.0,0.0,0.0,LYS,130.92885733692324
42,823,,,,,,0.0,0.0,0.0,,,,,,0.0,0.0,0.0,LYS,108.0054299329071
63,844,17.62162162162162,0.012774215386675813,17.092845283772412,0.012524110603728137,0.8263801397692021,135.0,113.0,1659.0,10.05306495882891,0.010001748341704813,10.0208694664895,0.010794564014253518,1.1194588531844027,320.0,1095.0,8186.0,ARG,226.53603715239365
65,846,24.66666666666667,0.00824479747903465,23.05421844364169,0.007773242221798197,0.6088290712554002,246.0,50.0,1058.0,4.930351437699682,0.03343752230045505,4.918118399377642,0.06894425218115867,6.030951478629596,35.0,1567.0,3699.0,ARG,376.9340801057155
83,864,,,,,,0.0,0.0,0.0,,,,,,0.0,0.0,0.0,LYS,174.7998366352396
89,870,,,,,,0.0,0.0,0.0,,,,,,0.0,0.0,0.0,LYS,108.33275997628746
122,903,,,,,,0.0,0.0,0.0,,,,,,0.0,0.0,0.0,ARG,382.82121536700953
134,915,,,,,,0.0,0.0,0.0,,,,,,0.0,0.0,0.0,ARG,347.61313438319917
135,916,,,,,,0.0,0.0,0.0,,,,,,0.0,0.0,0.0,LYS,116.7781380352646
161,942,15.733333333333333,0.008701133752770979,15.067583294239528,0.0075847365077475176,0.5885193643673211,320.0,77.0,993.0,6.56,0.028116005062998925,6.472847864367307,0.03950519583746609,1.9605145507886603,48.0,277.0,1071.0,ARG,273.90327619005313
162,943,16.48,0.012702803812672804,15.385988531384445,0.013148046833249131,0.9905124991742345,143.0,52.0,692.0,4.5,0.06956401648181622,4.146468098077956,0.2494587274541099,19.913203746791087,6.0,50.0,73.0,ARG,314.56940472075246
167,948,20.0,0.011071357695770369,18.59177553224028,0.009851441094839987,0.5649645779477636,161.0,46.0,762.0,4.266094420600858,0.057840325990252024,4.2299229138511185,0.15520813959310978,24.074436797242537,11.0,468.0,729.0,ARG,452.0880973531344
168,949,21.49397590361446,0.008810863707638287,20.67122745391374,0.00790450090894718,0.5808671482084821,241.0,85.0,1547.0,7.944744744744746,0.02019830831536444,7.92706128289174,0.027277045108568668,2.1781862050024845,85.0,1667.0,9120.0,ARG,259.40344455469204
186,967,22.105263157894736,0.009879164086580652,18.73962340400353,0.00903822192255287,0.5212695864901801,187.0,21.0,367.0,,,,,,0.0,0.0,0.0,ARG,515.9514718242356
188,969,10.181818181818182,0.03668616783624375,7.385136198668422,0.053294448485890336,1.7409114845619489,22.0,13.0,72.0,4.057553956834532,0.9096816725650156,,,,4.0,141.0,182.0,ARG,320.64108117020606
198,979,8.327868852459018,0.025934776886414358,7.851331884483242,0.0326142937102436,1.564203936017334,49.0,63.0,351.0,8.0,0.9313291010207873,,,,1.0,4.0,4.0,LYS,118.57266882292961
207,988,,,,,,0.0,0.0,0.0,,,,,,0.0,0.0,0.0,LYS,120.49925763708328
224,1005,,,,,,0.0,0.0,0.0,,,,,,0.0,0.0,0.0,ARG,287.3735847545172
242,1023,30.272727272727273,0.006528085706669253,28.178209011268354,0.005866022035681131,0.4879008867827008,336.0,46.0,1211.0,70.57831325301204,0.003171709102562652,69.17785563858176,0.003216595882290839,0.7092425473692305,664.0,168.0,11288.0,ARG,274.1495528899993
243,1024,19.219512195121947,0.015299435106456016,17.70832394419923,0.015274949139657396,0.8210563603557883,86.0,43.0,681.0,7.305926321409505,0.02780241510919541,7.2913076790115845,0.04018653063912712,2.5914312377949016,48.0,1875.0,8961.0,ARG,313.9728061522801
244,1025,19.11111111111111,0.011824708247846935,16.95380957704584,0.010988102777474404,0.6272227095599394,146.0,29.0,446.0,6.166507177033492,0.02736754132441572,6.155278407622899,0.04498305395286601,3.4542524395517873,52.0,2092.0,7620.0,ARG,248.84554181672544
245,1026,31.625,0.00488282327105549,28.812191531983515,0.003748052661057223,0.3186192266693865,580.0,34.0,925.0,4.5,0.9117109946909316,,,,1.0,18.0,18.0,ARG,243.27948952121827
250,1031,24.820512820512818,0.011242619803079563,22.8371174875946,0.010563891291657973,0.6243317225572275,133.0,41.0,853.0,18.68774703557312,0.009011440306376005,18.566376527027746,0.008227134602612216,0.6466267693811965,258.0,508.0,8184.0,ARG,242.97227541512166
284,1065,,,,,,0.0,0.0,0.0,,,,,,0.0,0.0,0.0,ARG,293.43314168204955
287,1068,,,,,,0.0,0.0,0.0,,,,,,0.0,0.0,0.0,LYS,97.72482867191168
297,1078,,,,,,0.0,0.0,0.0,,,,,,0.0,0.0,0.0,LYS,131.6414320209872
306,1087,,,,,,0.0,0.0,0.0,,,,,,0.0,0.0,0.0,ARG,277.56455200335125
334,1115,22.936708860759488,0.010022558654406512,22.001063984954282,0.00942807209128592,0.6621629879097807,177.0,81.0,1615.0,4.745945945945946,0.03028808048474748,4.729268235668252,0.06683368342888597,7.388567846016666,41.0,1112.0,2289.0,ARG,286.04991494536085
340,1121,,,,,,0.0,0.0,0.0,,,,,,0.0,0.0,0.0,ARG,253.95029488091535
353,1134,116.5,0.0038079222727665407,80.77485571594737,0.004448772625003205,0.3898585236773357,281.0,10.0,908.0,6.0,0.06496385888570189,-5.534277941455844,8.967066636277968e-05,-3.992137670519764,6.0,2.0,9.0,ARG,278.80136997529604
366,1147,11.866666666666667,0.025910671273197686,10.501640516313474,0.033576596731108174,2.216134815925356,42.0,32.0,276.0,,,,,,0.0,0.0,0.0,ARG,372.2755909934903
373,1154,85.45454545454545,0.00360965902155846,65.5045284320593,0.0037383729337961405,0.3467866553535356,426.0,13.0,905.0,,,,,,0.0,0.0,0.0,LYS,106.79565253899044
378,1159,28.66666666666667,0.014816206650161234,17.215259210197324,0.01552579133193319,0.578804996177556,68.0,8.0,154.0,,,,,,0.0,0.0,0.0,ARG,268.76469080789474
395,1176,,,,,,0.0,0.0,0.0,,,,,,0.0,0.0,0.0,ARG,270.8425116398886
420,1201,29.614035087719298,0.008914605347591543,27.958121730677444,0.008557819198749133,0.6568280439715249,183.0,59.0,1539.0,6.8235294117647065,0.02694504303576204,6.777065837632202,0.03855044498431243,2.2562458082376198,50.0,546.0,2292.0,LYS,99.70419221881922
423,1204,19.354838709677423,0.008676775133437847,18.685999838640253,0.007927745862066835,0.6255267091045229,269.0,95.0,1557.0,4.301075268817204,0.06960847680634563,4.121926158175377,0.21367871959814208,29.50215226437745,8.0,95.0,143.0,ARG,229.26080413217568
443,1224,,,,,,0.0,0.0,0.0,,,,,,0.0,0.0,0.0,LYS,126.6177190632173
475,1256,,,,,,0.0,0.0,0.0,,,,,,0.0,0.0,0.0,LYS,100.69914150598063
481,1262,,,,,,0.0,0.0,0.0,,,,,,0.0,0.0,0.0,LYS,103.25617229900246
486,1267,,,,,,0.0,0.0,0.0,,,,,,0.0,0.0,0.0,ARG,250.16699492401574
488,1269,,,,,,0.0,0.0,0.0,,,,,,0.0,0.0,0.0,ARG,454.3672879187726
513,1294,35.85185185185185,0.006710887634983231,31.981523424216448,0.005966527428211098,0.4305416631804137,276.0,29.0,890.0,,,,,,0.0,0.0,0.0,ARG,419.20131512195087
514,1295,15.1,0.014799960072645037,13.892831575187776,0.014526722509314737,0.7721882391164555,112.0,42.0,498.0,,,,,,0.0,0.0,0.0,ARG,335.0651527778329
529,1310,,,,,,0.0,0.0,0.0,4.313725490196078,0.06947506063900825,3.992587713065725,0.241598784297582,38.908819552297814,5.0,53.0,67.0,LYS,106.48375103669841
537,1318,,,,,,0.0,0.0,0.0,,,,,,0.0,0.0,0.0,ARG,291.2357213050066
548,1329,,,,,,0.0,0.0,0.0,,,,,,0.0,0.0,0.0,LYS,141.07614287194426
554,1335,,,,,,0.0,0.0,0.0,,,,,,0.0,0.0,0.0,ARG,289.35197310062085
559,1340,,,,,,0.0,0.0,0.0,,,,,,0.0,0.0,0.0,LYS,101.22973097609174
565,1346,4.0,0.9094587065610252,,,,1.0,1.0,1.0,,,,,,0.0,0.0,0.0,LYS,100.49387011883077
566,1347,,,,,,0.0,0.0,0.0,,,,,,0.0,0.0,0.0,ARG,252.47721156516047
569,1350,,,,,,0.0,0.0,0.0,,,,,,0.0,0.0,0.0,LYS,99.01788620862212
570,1351,,,,,,0.0,0.0,0.0,,,,,,0.0,0.0,0.0,ARG,263.3116686964435
572,1353,,,,,,0.0,0.0,0.0,,,,,,0.0,0.0,0.0,ARG,332.5438781849865
574,1355,,,,,,0.0,0.0,0.0,,,,,,0.0,0.0,0.0,LYS,103.2973065708939
577,1358,,,,,,0.0,0.0,0.0,,,,,,0.0,0.0,0.0,LYS,102.28655711619324
579,1360,,,,,,0.0,0.0,0.0,,,,,,0.0,0.0,0.0,ARG,438.2625754313607
589,1497,11.707317073170733,0.018593845352139586,10.758956773798179,0.02007048583586609,1.09058386745444,82.0,43.0,371.0,8.976982097186701,0.019681312107615503,8.935135637592598,0.024717296818126438,1.7744447686059868,86.0,784.0,5047.0,ARG,228.98380385569578
610,1518,,,,,,0.0,0.0,0.0,,,,,,0.0,0.0,0.0,ARG,279.22214281253343
613,1521,92.4,0.004136782592909606,68.03102893889893,0.0047138349761174075,0.4991053392450896,299.0,12.0,899.0,,,,,,0.0,0.0,0.0,ARG,310.73970617605806
617,1525,,,,,,0.0,0.0,0.0,,,,,,0.0,0.0,0.0,LYS,91.85852146138438
620,1528,12.0,0.561220242880177,,,,11.0,1.0,11.0,,,,,,0.0,0.0,0.0,ARG,310.4795073431725
630,1538,,,,,,0.0,0.0,0.0,,,,,,0.0,0.0,0.0,ARG,414.51606815219236
639,1547,,,,,,0.0,0.0,0.0,4.0,0.9094587065610252,,,,1.0,1.0,1.0,ARG,286.85650812788015
644,1552,,,,,,0.0,0.0,0.0,,,,,,0.0,0.0,0.0,ARG,256.83595901325737
645,1553,,,,,,0.0,0.0,0.0,,,,,,0.0,0.0,0.0,ARG,328.68002646649074
667,1575,,,,,,0.0,0.0,0.0,,,,,,0.0,0.0,0.0,ARG,340.2627446372742
680,1664,4.0,0.9094587065610252,,,,2.0,2.0,3.0,,,,,,0.0,0.0,0.0,ARG,263.6700064700798
687,1671,12.166666666666664,0.013671214290768235,11.353330290268545,0.01287529287191734,0.7381648440277961,152.0,50.0,469.0,12.475247524752474,0.012473352359379618,12.05985650634202,0.012615947621149644,0.9176309994413784,180.0,103.0,1010.0,ARG,357.7520918041978
690,1674,33.03703703703704,0.007158587353309194,29.399668667534552,0.006670191614074063,0.5077906312607448,256.0,29.0,811.0,6.0,0.9203120248975788,,,,2.0,6.0,7.0,ARG,493.2601454879095
693,1677,84.0,0.003761322878310536,63.88624076593703,0.004098796340751827,0.4301792786104245,400.0,13.0,897.0,,,,,,0.0,0.0,0.0,ARG,310.2972927325838
740,1724,37.0,0.010690621267304834,28.56800130401861,0.0107580450597792,0.5266859991717877,104.0,14.0,411.0,4.721311475409836,0.05020316065446618,4.5727523660458935,0.12887714082274046,7.933375280910514,14.0,124.0,248.0,ARG,275.121734982607
743,1727,932.0,0.06549010216574751,,,,929.0,1.0,929.0,6.881260551491277,0.021717235713761045,6.866854891541597,0.031159376074853914,2.3033109268677268,79.0,1779.0,7802.0,LYS,88.88089503022938
744,1728,54.82352941176471,0.003704255142448513,46.23713866046393,0.003187959802996454,0.28356018575003217,610.0,19.0,883.0,15.157615894039733,0.01259360459048298,15.0867536995858,0.013481782130837512,1.2289415457902235,153.0,757.0,9533.0,ARG,243.82313156375926
760,1744,,,,,,0.0,0.0,0.0,,,,,,0.0,0.0,0.0,LYS,159.1519477456093
777,1761,,,,,,0.0,0.0,0.0,,,,,,0.0,0.0,0.0,ARG,342.9042058232442
778,1762,,,,,,0.0,0.0,0.0,,,,,,0.0,0.0,0.0,ARG,309.1150385994583
782,1766,,,,,,0.0,0.0,0.0,,,,,,0.0,0.0,0.0,LYS,100.90485861875923
788,1772,,,,,,0.0,0.0,0.0,,,,,,0.0,0.0,0.0,ARG,413.3515539130723
794,1778,,,,,,0.0,0.0,0.0,,,,,,0.0,0.0,0.0,LYS,153.47407748287412
800,1784,,,,,,0.0,0.0,0.0,,,,,,0.0,0.0,0.0,LYS,130.6050081182111
813,1797,19.68,0.0156254217410629,17.262559476709757,0.015037887247865256,0.7047601501371005,84.0,27.0,419.0,4.0,0.9094587065610252,,,,1.0,2.0,2.0,ARG,287.7550009914272
832,1960,12.222222222222221,0.018663050401120276,11.453389533586204,0.021005903212139108,1.2113868566600674,77.0,56.0,532.0,4.361204013377926,0.05781878195062193,4.332443402430133,0.15405121608557218,16.733768196771884,12.0,600.0,1038.0,ARG,299.6888174697771
841,1969,6.08,0.03271940328271797,5.642221699068376,0.05380220746529412,2.7798508097208527,33.0,52.0,173.0,16.95397489539749,0.008921065647263287,16.728036300275743,0.007497922995624372,0.5173964387784036,281.0,241.0,3430.0,LYS,123.88018977910235
843,1971,4.0,0.9094587065610252,,,,1.0,1.0,1.0,4.08256880733945,0.057849951439121014,4.045405791553522,,79.06251413558344,9.0,438.0,567.0,ARG,627.7103834384773
872,2000,,,,,,0.0,0.0,0.0,,,,,,0.0,0.0,0.0,LYS,136.1905654779579
907,2035,,,,,,0.0,0.0,0.0,,,,,,0.0,0.0,0.0,ARG,445.8725069786484
912,2040,48.8,0.0055246642677126865,42.007224068005904,0.004979777876926375,0.3613287204569202,305.0,22.0,911.0,4.6771653543307075,0.04103145951325279,4.659191498688928,0.09476236725110787,7.781067534353101,21.0,1018.0,2037.0,ARG,381.8872214028823
913,2041,90.09523809523809,0.0035552136111952986,77.25304135082563,0.00386969254893516,0.6423200249577983,420.0,23.0,1822.0,8.01885014137606,0.010152112168484505,7.992876441088325,0.0104510217249417,0.9396221962907814,344.0,1063.0,5766.0,LYS,97.65922144487425
918,2046,312.0,0.0016957736738934873,127.24085182338159,0.002803978129478277,0.3350120961578169,529.0,5.0,921.0,,,,,,0.0,0.0,0.0,LYS,162.35090970145328
943,2071,,,,,,0.0,0.0,0.0,,,,,,0.0,0.0,0.0,ARG,355.063299011721
958,2086,,,,,,0.0,0.0,0.0,,,,,,0.0,0.0,0.0,LYS,188.74893987601374
970,2098,,,,,,0.0,0.0,0.0,,,,,,0.0,0.0,0.0,ARG,514.5307220129691
976,2104,40.714285714285715,0.003450847332462557,36.7492826477398,0.002455015176462903,0.2335836160610837,925.0,30.0,1064.0,,,,,,0.0,0.0,0.0,ARG,340.36342817876135
984,2112,,,,,,0.0,0.0,0.0,9.627118644067796,0.02344915582019137,9.333676235621756,0.02981274219065821,1.8360081572157976,57.0,120.0,835.0,LYS,122.36106084540084
985,2113,,,,,,0.0,0.0,0.0,8.404761904761905,0.033067936227371336,8.22154188291146,0.04445237095892773,2.1869408355687097,32.0,170.0,987.0,LYS,97.03289527653922
998,2126,,,,,,0.0,0.0,0.0,,,,,,0.0,0.0,0.0,ARG,397.6245078408604
1007,2135,,,,,,0.0,0.0,0.0,,,,,,0.0,0.0,0.0,ARG,375.6286801331528
1038,2166,,,,,,0.0,0.0,0.0,,,,,,0.0,0.0,0.0,LYS,112.13084624523279
1041,2169,,,,,,0.0,0.0,0.0,,,,,,0.0,0.0,0.0,ARG,286.5859825015837
1045,2173,,,,,,0.0,0.0,0.0,,,,,,0.0,0.0,0.0,LYS,110.1874607558937
1046,2174,,,,,,0.0,0.0,0.0,4.102564102564102,0.9098638276397808,,,,4.0,80.0,113.0,LYS,103.83943308358535
1051,2179,44.0,0.005667113851205946,37.74343267577681,0.005365124838699561,0.4327611774100176,318.0,22.0,828.0,6.666666666666668,0.9241836675359208,,,,1.0,5.0,5.0,LYS,91.36042521005169
1054,2182,16.967032967032967,0.012201086681604231,16.361459454522407,0.011382925826591108,0.6872732588266894,149.0,93.0,1297.0,17.673333333333332,0.009386621306375777,17.572193108526033,0.0093856565228213,0.9455714683087834,252.0,602.0,9111.0,LYS,97.35494560654988
1055,2183,12.0,0.017120068461424515,11.040542520742221,0.016474791786379454,0.7730369573952238,97.0,42.0,365.0,6.995594713656387,0.018597494644949232,6.979442652491393,0.025084081267268542,1.8934178892202296,108.0,1591.0,7112.0,LYS,92.15918143304788
1056,2184,54.153846153846146,0.003021099311078251,48.412060149751156,0.0025238982929626963,0.2721171687614031,926.0,28.0,1343.0,9.658217497955846,0.02136890485290789,9.629365233595678,0.026274584385489956,1.8022348162204205,70.0,1225.0,8690.0,LYS,92.7791433769084
1057,2185,39.53488372093023,0.0029447258020074587,36.97313140873222,0.0020489789993565727,0.22600094362969705,1298.0,45.0,1577.0,13.719670200235571,0.011479152869992446,13.665276318467884,0.010939243639469146,0.7830340805632117,200.0,851.0,9521.0,LYS,105.1422774114094
1060,2188,11.087719298245618,0.01542204284110901,10.457067869328815,0.014634322636719887,0.7615548439944242,127.0,59.0,485.0,4.275862068965517,0.9106216847442806,,,,3.0,31.0,37.0,LYS,258.43079127629943
1086,2214,,,,,,0.0,0.0,0.0,,,,,,0.0,0.0,0.0,ARG,409.94986496839164
1103,2231,,,,,,0.0,0.0,0.0,,,,,,0.0,0.0,0.0,LYS,112.28045888311219
1167,2295,,,,,,0.0,0.0,0.0,,,,,,0.0,0.0,0.0,ARG,377.8746283965486
1173,2301,,,,,,0.0,0.0,0.0,,,,,,0.0,0.0,0.0,ARG,406.46161087814914
1177,2305,,,,,,0.0,0.0,0.0,,,,,,0.0,0.0,0.0,LYS,134.84113935037496
1190,2318,,,,,,0.0,0.0,0.0,,,,,,0.0,0.0,0.0,ARG,334.94827530198364
1197,2325,,,,,,0.0,0.0,0.0,,,,,,0.0,0.0,0.0,ARG,847.8078839800518
1201,2329,,,,,,0.0,0.0,0.0,,,,,,0.0,0.0,0.0,LYS,96.7909255692901
1211,2339,,,,,,0.0,0.0,0.0,,,,,,0.0,0.0,0.0,LYS,123.14872685715302
1223,2351,,,,,,0.0,0.0,0.0,,,,,,0.0,0.0,0.0,ARG,924.8197668127627
1224,2352,,,,,,0.0,0.0,0.0,,,,,,0.0,0.0,0.0,ARG,418.00038201428737
1233,2361,,,,,,0.0,0.0,0.0,,,,,,0.0,0.0,0.0,ARG,238.05706562529295
1246,2374,,,,,,0.0,0.0,0.0,,,,,,0.0,0.0,0.0,LYS,125.10679815917356
1249,2377,,,,,,0.0,0.0,0.0,,,,,,0.0,0.0,0.0,ARG,397.03087974384425
1260,2388,,,,,,0.0,0.0,0.0,,,,,,0.0,0.0,0.0,LYS,100.95429173829436
1274,2402,,,,,,0.0,0.0,0.0,,,,,,0.0,0.0,0.0,ARG,408.5751782256013
1278,2406,,,,,,0.0,0.0,0.0,,,,,,0.0,0.0,0.0,ARG,313.2487252402183
1279,2407,,,,,,0.0,0.0,0.0,,,,,,0.0,0.0,0.0,ARG,581.6457328672051
1294,2422,,,,,,0.0,0.0,0.0,,,,,,0.0,0.0,0.0,LYS,109.51208041989774
1310,2438,,,,,,0.0,0.0,0.0,,,,,,0.0,0.0,0.0,LYS,99.66429137138414
1324,2452,,,,,,0.0,0.0,0.0,,,,,,0.0,0.0,0.0,LYS,123.3537211738192
1351,2479,,,,,,0.0,0.0,0.0,,,,,,0.0,0.0,0.0,LYS,99.97945090666117
1354,2482,,,,,,0.0,0.0,0.0,,,,,,0.0,0.0,0.0,ARG,286.3042741947445
1374,2502,,,,,,0.0,0.0,0.0,,,,,,0.0,0.0,0.0,ARG,303.72388768045545
1377,2505,,,,,,0.0,0.0,0.0,,,,,,0.0,0.0,0.0,LYS,105.66482804298114
1386,2514,,,,,,0.0,0.0,0.0,,,,,,0.0,0.0,0.0,ARG,542.7766189255177
1389,2517,10.81967213114754,0.01952409600286279,10.220050296984184,0.02133369292537411,1.1010239778088264,77.0,63.0,492.0,4.2,0.06962664909919625,3.9317351201607815,0.21233196216882766,87.92056877914726,5.0,62.0,69.0,ARG,369.4670087289184
1400,2528,,,,,,0.0,0.0,0.0,,,,,,0.0,0.0,0.0,LYS,118.13491129683469
1406,2534,,,,,,0.0,0.0,0.0,,,,,,0.0,0.0,0.0,ARG,506.0829815653387
1413,2541,,,,,,0.0,0.0,0.0,,,,,,0.0,0.0,0.0,LYS,117.09290662706749
1416,2544,,,,,,0.0,0.0,0.0,,,,,,0.0,0.0,0.0,ARG,240.25903032537178
1418,2546,,,,,,0.0,0.0,0.0,,,,,,0.0,0.0,0.0,ARG,275.5597747956745
1419,782,8.0,0.6768396524960839,,,,7.0,1.0,7.0,6.54054054054054,0.037082201100755566,6.429695963969723,0.05962999351202184,3.3048688488907443,28.0,224.0,880.0,ARG,226.91718336969947
1433,796,15.470588235294118,0.01145349933024075,14.732441260740586,0.010900114830928023,0.7280699312382468,183.0,70.0,880.0,4.857142857142857,0.06838059834795739,3.690595038399679,0.2913760041433545,21.297612639314465,7.0,16.0,29.0,ARG,253.03617552223486
1439,802,10.714285714285714,0.02428688030125457,9.470919396792011,0.027323079395697957,1.1071059069373292,49.0,30.0,225.0,,,,,,0.0,0.0,0.0,ARG,336.33196508659
1440,803,9.92,0.011030841349006356,9.65914857836936,0.010123710517695252,0.721867520941837,264.0,127.0,907.0,,,,,,0.0,0.0,0.0,ARG,372.2680783596132
1448,811,,,,,,0.0,0.0,0.0,,,,,,0.0,0.0,0.0,LYS,126.6872985650344
1460,823,,,,,,0.0,0.0,0.0,,,,,,0.0,0.0,0.0,LYS,112.67986500112852
1481,844,68.0,0.007890941617768241,23.914876209913288,0.012283915421206212,0.8309745213401705,105.0,5.0,188.0,13.01534170153417,0.006684125196466778,12.955477180466813,0.006010402077734444,0.6592516617375597,608.0,719.0,7492.0,ARG,231.69689412011047
1483,846,52.444444444444436,0.003733921191408966,44.51136505440933,0.0033237634033290602,0.32704637290539906,631.0,20.0,896.0,6.398601398601397,0.0195756396553189,6.378080843525535,0.027063813713292525,1.9076012209241748,100.0,1146.0,4473.0,ARG,456.5672736777187
1501,864,,,,,,0.0,0.0,0.0,,,,,,0.0,0.0,0.0,LYS,105.60676886975769
1507,870,,,,,,0.0,0.0,0.0,,,,,,0.0,0.0,0.0,LYS,103.85013443591161
1540,903,,,,,,0.0,0.0,0.0,,,,,,0.0,0.0,0.0,ARG,277.1605379195077
1552,915,,,,,,0.0,0.0,0.0,,,,,,0.0,0.0,0.0,ARG,344.98670042281174
1553,916,,,,,,0.0,0.0,0.0,,,,,,0.0,0.0,0.0,LYS,105.35366651743959
1579,942,20.12903225806452,0.012050818267478343,18.124423270489867,0.011490880543963708,0.6454177068412568,136.0,33.0,547.0,4.388888888888889,0.06952646624584774,4.154881389484356,0.22189872156853832,23.464357278582078,8.0,74.0,106.0,ARG,258.6668667323329
1580,943,12.444444444444445,0.017340712348505347,11.53676037809772,0.018003903618389182,0.9302867830978484,92.0,47.0,451.0,4.470588235294118,0.9115621813562136,,,,2.0,19.0,20.0,ARG,268.66608713296176
1585,948,18.72340425531915,0.0106154779659938,17.494440918744935,0.009227057857646895,0.5319275707027008,183.0,49.0,757.0,4.429378531073446,0.027891411926651025,4.333573179510839,0.06346064954570158,5.587959037311583,51.0,179.0,288.0,ARG,517.1266046708322
1586,949,65.25,0.003480105242012471,54.102138765023724,0.003393131874199296,0.37871189137762395,596.0,18.0,999.0,6.689040377556371,0.027048541923538314,6.675807774682803,0.04136782182315957,2.909240167959191,51.0,1909.0,8005.0,ARG,259.24739117909775
1604,967,21.882352941176467,0.00937572563568042,19.9431316971527,0.008232288356437767,0.5008669432432845,209.0,36.0,646.0,,,,,,0.0,0.0,0.0,ARG,249.0114058752389
1606,969,5.6,0.9179417772202376,,,,3.0,7.0,10.0,,,,,,0.0,0.0,0.0,ARG,306.77094892130737
1616,979,24.0,0.03040836902400603,0.4893514347993878,0.01159546517996908,0.22271343578026406,10.0,3.0,15.0,,,,,,0.0,0.0,0.0,LYS,108.95628003212596
1625,988,,,,,,0.0,0.0,0.0,,,,,,0.0,0.0,0.0,LYS,98.14906268564289
1642,1005,,,,,,0.0,0.0,0.0,,,,,,0.0,0.0,0.0,ARG,497.9587941948046
1660,1023,43.1,0.0036757532009731608,39.93901565423955,0.0032130752316108404,0.3714334051465999,772.0,42.0,1627.0,25.68247422680412,0.007418082308617077,25.505015534909877,0.00717046774263128,0.7659588404335733,299.0,487.0,11233.0,ARG,311.49711204037425
1661,1024,5.142857142857143,0.9152524544618644,,,,4.0,9.0,13.0,6.3775411423039685,0.019623541670476457,6.366032715344697,0.029155575152374713,2.3754383599882662,97.0,2068.0,8002.0,ARG,335.7741630723604
1662,1025,26.514285714285716,0.0059241533349898715,25.32635797876576,0.0052913946189565905,0.5417605538810814,458.0,72.0,1676.0,6.211764705882352,0.032854701261922706,6.20107323004757,0.0536330714646568,3.4121499382609377,34.0,2212.0,8206.0,ARG,302.9412396075127
1663,1026,74.8,0.006298533796531737,54.50360427658868,0.007253156150784919,0.6395532977289905,156.0,12.0,721.0,4.166666666666667,0.9101342071765556,,,,3.0,50.0,57.0,ARG,299.27913794089085
1668,1031,16.533333333333335,0.014070291143222429,15.38256501592056,0.012733834050738605,0.6142184458223069,116.0,47.0,634.0,12.17872340425532,0.013178018444517357,12.089007064597244,0.013765099668839018,1.0323429016576304,163.0,472.0,4531.0,ARG,266.37170405050745
1702,1065,,,,,,0.0,0.0,0.0,,,,,,0.0,0.0,0.0,ARG,319.95340527229513
1705,1068,,,,,,0.0,0.0,0.0,,,,,,0.0,0.0,0.0,LYS,102.33220670375731
1715,1078,,,,,,0.0,0.0,0.0,,,,,,0.0,0.0,0.0,LYS,121.68281304617143
1724,1087,,,,,,0.0,0.0,0.0,,,,,,0.0,0.0,0.0,ARG,277.1953181563268
1752,1115,21.037037037037038,0.012284666090769305,19.77671284274209,0.012001201149332114,0.7606819296145749,125.0,56.0,1004.0,4.93609022556391,0.015667973287152324,4.918293842336762,0.030674657923692675,4.268722930670044,161.0,1066.0,2493.0,ARG,364.17519986244577
1758,1121,,,,,,0.0,0.0,0.0,,,,,,0.0,0.0,0.0,ARG,259.6329080104226
1771,1134,19.444444444444443,0.012443686974155066,17.806339178962272,0.010812872430191295,0.5147218267488164,129.0,38.0,605.0,,,,,,0.0,0.0,0.0,ARG,229.86799962472364
1784,1147,104.44444444444444,0.0037517164291714375,75.15913389697026,0.004227635280168704,0.4047730783078156,328.0,11.0,910.0,,,,,,0.0,0.0,0.0,ARG,382.40443190580663
1791,1154,,,,,,0.0,0.0,0.0,,,,,,0.0,0.0,0.0,LYS,121.9280096335965
1796,1159,,,,,,0.0,0.0,0.0,,,,,,0.0,0.0,0.0,ARG,472.0474185568462
1813,1176,,,,,,0.0,0.0,0.0,,,,,,0.0,0.0,0.0,ARG,342.05929529909815
1838,1201,35.82608695652174,0.007925815376121996,31.15027411734765,0.0078112892054340265,0.6138550744913313,200.0,25.0,760.0,6.995433789954338,0.03055426879143808,6.935893075751481,0.04472370679620445,2.536974418296824,40.0,440.0,1979.0,LYS,106.86484217112984
1841,1204,4.0,0.9094587065610252,,,,1.0,2.0,2.0,4.153846153846153,0.06967856646307366,4.028766700997834,0.1897957296763348,64.92634099191386,5.0,132.0,171.0,ARG,253.4694916457026
1861,1224,,,,,,0.0,0.0,0.0,,,,,,0.0,0.0,0.0,LYS,113.96298762658617
1893,1256,,,,,,0.0,0.0,0.0,,,,,,0.0,0.0,0.0,LYS,88.52927426715631
1899,1262,,,,,,0.0,0.0,0.0,,,,,,0.0,0.0,0.0,LYS,108.04632279647254
1904,1267,,,,,,0.0,0.0,0.0,,,,,,0.0,0.0,0.0,ARG,521.7146892655671
1906,1269,,,,,,0.0,0.0,0.0,,,,,,0.0,0.0,0.0,ARG,263.92223533320924
1931,1294,24.761904761904763,0.010942367024974937,21.346532166523552,0.009756502093537863,0.4856902500474986,140.0,23.0,457.0,,,,,,0.0,0.0,0.0,ARG,340.12356422685417
1932,1295,13.6,0.020007770832668463,11.496879144701602,0.021469182654984827,0.9011829047374248,66.0,22.0,213.0,,,,,,0.0,0.0,0.0,ARG,332.23096902647126
1947,1310,,,,,,0.0,0.0,0.0,4.0,0.9094587065610252,,,,1.0,2.0,2.0,LYS,113.978839689672
1955,1318,,,,,,0.0,0.0,0.0,,,,,,0.0,0.0,0.0,ARG,284.4616656027297
1966,1329,,,,,,0.0,0.0,0.0,,,,,,0.0,0.0,0.0,LYS,100.94820279271988
1972,1335,,,,,,0.0,0.0,0.0,,,,,,0.0,0.0,0.0,ARG,304.08729842636967
1977,1340,,,,,,0.0,0.0,0.0,,,,,,0.0,0.0,0.0,LYS,101.51603103370316
1983,1346,,,,,,0.0,0.0,0.0,,,,,,0.0,0.0,0.0,LYS,98.9500224935916
1984,1347,,,,,,0.0,0.0,0.0,,,,,,0.0,0.0,0.0,ARG,256.5945720754636
1987,1350,,,,,,0.0,0.0,0.0,,,,,,0.0,0.0,0.0,LYS,102.31758805169204
1988,1351,,,,,,0.0,0.0,0.0,,,,,,0.0,0.0,0.0,ARG,260.6953729772854
1990,1353,,,,,,0.0,0.0,0.0,,,,,,0.0,0.0,0.0,ARG,429.30591537745363
1992,1355,,,,,,0.0,0.0,0.0,,,,,,0.0,0.0,0.0,LYS,100.96964521025083
1995,1358,,,,,,0.0,0.0,0.0,,,,,,0.0,0.0,0.0,LYS,104.26351535412981
1997,1360,,,,,,0.0,0.0,0.0,,,,,,0.0,0.0,0.0,ARG,284.7675051409674
2007,1497,,,,,,0.0,0.0,0.0,6.419410745233969,0.029509852377492464,6.377776651318093,0.04465546454567017,2.6486283302625897,43.0,579.0,2267.0,ARG,244.21688151984372
2028,1518,4.888888888888889,0.9138016975958854,,,,4.0,11.0,22.0,,,,,,0.0,0.0,0.0,ARG,267.10235868336144
2031,1521,,,,,,0.0,0.0,0.0,,,,,,0.0,0.0,0.0,ARG,322.4743559953525
2035,1525,,,,,,0.0,0.0,0.0,,,,,,0.0,0.0,0.0,LYS,102.43635117308308
2038,1528,,,,,,0.0,0.0,0.0,,,,,,0.0,0.0,0.0,ARG,308.4598011320606
2048,1538,,,,,,0.0,0.0,0.0,,,,,,0.0,0.0,0.0,ARG,527.0174042707584
2057,1547,,,,,,0.0,0.0,0.0,,,,,,0.0,0.0,0.0,ARG,323.3044858066755
2062,1552,,,,,,0.0,0.0,0.0,,,,,,0.0,0.0,0.0,ARG,246.01679918230323
2063,1553,,,,,,0.0,0.0,0.0,,,,,,0.0,0.0,0.0,ARG,268.76179916699533
2085,1575,,,,,,0.0,0.0,0.0,,,,,,0.0,0.0,0.0,ARG,310.7630648949579
2098,1664,36.32,0.007676770240132405,31.95003383300241,0.0075221319800929986,0.5892561597792401,205.0,27.0,845.0,6.0,0.9203120248975788,,,,1.0,6.0,6.0,ARG,272.6080105670902
2105,1671,41.54545454545455,0.004711408664809914,38.74069093448137,0.004164554367885978,0.3971781380391876,487.0,46.0,1713.0,38.868965517241385,0.005452253333293474,38.41548806444533,0.005431300320443664,0.8556608956806643,385.0,292.0,10567.0,ARG,312.71574034544994
2108,1674,14.923076923076925,0.019282427168634292,13.102584941668146,0.0200880203674826,0.9206713705507223,67.0,28.0,318.0,4.615384615384615,0.9123092609969408,,,,1.0,15.0,15.0,ARG,464.9111068761245
2111,1677,,,,,,0.0,0.0,0.0,,,,,,0.0,0.0,0.0,ARG,290.68090378860467
2158,1724,,,,,,0.0,0.0,0.0,12.0,0.9473982549724328,,,,2.0,3.0,4.0,ARG,243.65098414716428
2161,1727,34.72727272727273,0.0055736117511809465,30.356726342736593,0.00444663340280567,0.3195457543593705,408.0,24.0,711.0,15.085545722713865,0.009303479543273869,15.010451681016871,0.008912891447495066,0.8061431948036598,286.0,680.0,8484.0,LYS,98.72760171469865
2162,1728,309.3333333333333,0.001945640670354386,122.6014567346653,0.003382143162818902,0.3962427547301588,387.0,5.0,917.0,18.79553903345725,0.004772517882263627,18.67993926508243,0.004390570949842842,0.6839400720531889,927.0,540.0,8766.0,ARG,222.60968279774977
2178,1744,,,,,,0.0,0.0,0.0,,,,,,0.0,0.0,0.0,LYS,106.10725656281086
2195,1761,,,,,,0.0,0.0,0.0,,,,,,0.0,0.0,0.0,ARG,280.1588453983768
2196,1762,,,,,,0.0,0.0,0.0,,,,,,0.0,0.0,0.0,ARG,305.4172963823187
2200,1766,,,,,,0.0,0.0,0.0,,,,,,0.0,0.0,0.0,LYS,135.00150717965886
2206,1772,,,,,,0.0,0.0,0.0,,,,,,0.0,0.0,0.0,ARG,425.33490874986836
2212,1778,,,,,,0.0,0.0,0.0,,,,,,0.0,0.0,0.0,LYS,110.25304503397865
2218,1784,,,,,,0.0,0.0,0.0,,,,,,0.0,0.0,0.0,LYS,133.36893010744765
2231,1797,41.05263157894737,0.004258464879932513,35.26433487891638,0.003311478166515786,0.2694198772218926,599.0,21.0,734.0,,,,,,0.0,0.0,0.0,ARG,323.15129110146296
2250,1960,14.444444444444445,0.011092043768940336,13.582837469251896,0.01053437490258866,0.7321663469515353,203.0,56.0,644.0,6.636916835699798,0.02819322771284082,6.611569287067572,0.0432637349802085,2.873380404348804,45.0,988.0,4037.0,ARG,289.84841721317036
2259,1969,,,,,,0.0,0.0,0.0,,,,,,0.0,0.0,0.0,LYS,101.44566416531973
2261,1971,4.0,0.9094587065610252,,,,1.0,1.0,1.0,,,,,,0.0,0.0,0.0,ARG,649.3142004151395
2290,2000,,,,,,0.0,0.0,0.0,,,,,,0.0,0.0,0.0,LYS,105.49871583258376
2325,2035,,,,,,0.0,0.0,0.0,,,,,,0.0,0.0,0.0,ARG,484.6862830940757
2330,2040,15.137931034482758,0.008348305809306886,14.723043273119455,0.007080924585429718,0.550427741038622,351.0,118.0,1453.0,5.650992685475444,0.030031811084090105,5.6396775340498575,0.053820405573071065,4.064976946339192,42.0,1916.0,5955.0,ARG,250.5596141659443
2331,2041,52.34285714285714,0.004420860543605917,47.78294152895769,0.004396544449490371,0.5455177049135033,450.0,37.0,1738.0,9.461603375527426,0.011476650418295913,9.433060172624236,0.01327705952717838,1.3921035660037702,250.0,1187.0,8222.0,LYS,86.27766207175988
2336,2046,4.0,0.9094587065610252,,,,1.0,2.0,2.0,,,,,,0.0,0.0,0.0,LYS,151.6739403429747
2361,2071,,,,,,0.0,0.0,0.0,,,,,,0.0,0.0,0.0,ARG,236.49630756591463
2376,2086,,,,,,0.0,0.0,0.0,,,,,,0.0,0.0,0.0,LYS,221.529341600912
2388,2098,61.81818181818182,0.004362806498516589,47.41757230449485,0.004212562187461432,0.34037185527859665,392.0,13.0,649.0,,,,,,0.0,0.0,0.0,ARG,533.0083237666415
2394,2104,4.0,0.9094587065610252,,,,1.0,1.0,1.0,,,,,,0.0,0.0,0.0,ARG,379.41464970636497
2402,2112,,,,,,0.0,0.0,0.0,7.2,0.0542786826769743,3.5479898307807525,0.15531248742685844,2.8258295796935338,9.0,7.0,16.0,LYS,105.45985547272619
2403,2113,29.555555555555557,0.009711054236542732,24.65900836825675,0.00994112538025028,0.7113798269902561,153.0,20.0,482.0,5.2,0.04973709898480472,4.302970269280676,0.12090279319253293,5.049362195925612,14.0,22.0,49.0,LYS,100.44141185988946
2416,2126,,,,,,0.0,0.0,0.0,,,,,,0.0,0.0,0.0,ARG,316.47871811106705
2425,2135,,,,,,0.0,0.0,0.0,,,,,,0.0,0.0,0.0,ARG,546.4705825108123
2456,2166,,,,,,0.0,0.0,0.0,,,,,,0.0,0.0,0.0,LYS,118.6270575141002
2459,2169,,,,,,0.0,0.0,0.0,,,,,,0.0,0.0,0.0,ARG,301.84808963841783
2463,2173,21.33333333333333,0.02101117603581598,8.238301416881953,0.019931783593332482,0.460966350085522,41.0,5.0,48.0,,,,,,0.0,0.0,0.0,LYS,102.5737639732162
2464,2174,36.615384615384606,0.008282331248548236,32.31385257579084,0.008326502654026844,0.6548034558861947,174.0,28.0,886.0,5.5813953488372094,0.03514577620288209,5.482890612339772,0.062383143073798684,4.040334346014319,31.0,217.0,656.0,LYS,127.82608354497152
2469,2179,12.6,0.015411808821239704,11.918591651053829,0.014800292767037343,0.75506928463974,113.0,62.0,594.0,4.0,0.9094587065610252,,,,1.0,1.0,1.0,LYS,97.26970716860966
2472,2182,13.17142857142857,0.01065931601717738,12.850614222140862,0.010886534520744852,0.9891337715681908,239.0,142.0,1494.0,7.485760781122863,0.01842897914152983,7.463489502536443,0.02428947711765082,1.8210259587521849,105.0,1231.0,6008.0,LYS,114.48889184568223
2473,2183,63.44827586206897,0.0029265868697010877,57.30379812012914,0.0026074676021162427,0.2997174023015457,861.0,31.0,1758.0,8.296015180265655,0.02092981650255479,8.267370332953938,0.026318883711785455,1.7215531469807417,80.0,1056.0,6042.0,LYS,90.93915447341422
2474,2184,18.50980392156863,0.008279338997527409,17.928917386022558,0.00741776224592285,0.5949622378072654,308.0,104.0,1644.0,10.369426751592355,0.015977581367028492,10.335783704530947,0.018069298863711798,1.3555347644570446,124.0,1101.0,8611.0,LYS,96.12280925155567
2475,2185,23.47540983606557,0.005973120016446711,22.33830874356565,0.004464799802268122,0.3400467404504152,489.0,63.0,1276.0,18.886666666666667,0.01017209030781749,18.780273058372646,0.00985992872781115,0.8196519050062838,202.0,602.0,9803.0,LYS,91.3795377204666
2478,2188,,,,,,0.0,0.0,0.0,4.205128205128204,0.9103022205319296,,,,4.0,41.0,48.0,LYS,248.45826245204196
2504,2214,,,,,,0.0,0.0,0.0,,,,,,0.0,0.0,0.0,ARG,459.34131064976356
2521,2231,,,,,,0.0,0.0,0.0,,,,,,0.0,0.0,0.0,LYS,106.15263506712508
2585,2295,,,,,,0.0,0.0,0.0,,,,,,0.0,0.0,0.0,ARG,399.96776097357855
2591,2301,,,,,,0.0,0.0,0.0,,,,,,0.0,0.0,0.0,ARG,461.46807909662243
2595,2305,,,,,,0.0,0.0,0.0,,,,,,0.0,0.0,0.0,LYS,107.61035037221328
2608,2318,,,,,,0.0,0.0,0.0,,,,,,0.0,0.0,0.0,ARG,374.80567456173446
2615,2325,,,,,,0.0,0.0,0.0,,,,,,0.0,0.0,0.0,ARG,592.6055897878157
2619,2329,,,,,,0.0,0.0,0.0,,,,,,0.0,0.0,0.0,LYS,98.19821030712833
2629,2339,,,,,,0.0,0.0,0.0,,,,,,0.0,0.0,0.0,LYS,119.57941194157898
2641,2351,,,,,,0.0,0.0,0.0,,,,,,0.0,0.0,0.0,ARG,704.2420318914711
2642,2352,,,,,,0.0,0.0,0.0,,,,,,0.0,0.0,0.0,ARG,361.1880391026483
2651,2361,,,,,,0.0,0.0,0.0,,,,,,0.0,0.0,0.0,ARG,264.6494996522984
2664,2374,,,,,,0.0,0.0,0.0,,,,,,0.0,0.0,0.0,LYS,107.70682269492113
2667,2377,,,,,,0.0,0.0,0.0,,,,,,0.0,0.0,0.0,ARG,952.9370264563846
2678,2388,,,,,,0.0,0.0,0.0,,,,,,0.0,0.0,0.0,LYS,102.44604439491162
2692,2402,,,,,,0.0,0.0,0.0,,,,,,0.0,0.0,0.0,ARG,434.0986481049848
2696,2406,,,,,,0.0,0.0,0.0,,,,,,0.0,0.0,0.0,ARG,286.5959478623055
2697,2407,,,,,,0.0,0.0,0.0,,,,,,0.0,0.0,0.0,ARG,558.3148259932515
2712,2422,,,,,,0.0,0.0,0.0,,,,,,0.0,0.0,0.0,LYS,107.20303432704358
2728,2438,,,,,,0.0,0.0,0.0,,,,,,0.0,0.0,0.0,LYS,115.62186199994082
2742,2452,,,,,,0.0,0.0,0.0,,,,,,0.0,0.0,0.0,LYS,132.98045804600483
2769,2479,,,,,,0.0,0.0,0.0,,,,,,0.0,0.0,0.0,LYS,118.81945088738455
2772,2482,,,,,,0.0,0.0,0.0,,,,,,0.0,0.0,0.0,ARG,352.8517849599627
2792,2502,,,,,,0.0,0.0,0.0,,,,,,0.0,0.0,0.0,ARG,300.8637780639331
2795,2505,,,,,,0.0,0.0,0.0,,,,,,0.0,0.0,0.0,LYS,105.6255476696666
2804,2514,,,,,,0.0,0.0,0.0,,,,,,0.0,0.0,0.0,ARG,415.6315551319613
2807,2517,4.0,0.9094587065610252,,,,4.0,1.0,4.0,4.153846153846153,0.9100791447544404,,,,2.0,54.0,59.0,ARG,556.5893177351956
2818,2528,,,,,,0.0,0.0,0.0,,,,,,0.0,0.0,0.0,LYS,100.61847472781824
2824,2534,,,,,,0.0,0.0,0.0,,,,,,0.0,0.0,0.0,ARG,533.9609413226461
2831,2541,,,,,,0.0,0.0,0.0,,,,,,0.0,0.0,0.0,LYS,129.28092928797446
2834,2544,,,,,,0.0,0.0,0.0,,,,,,0.0,0.0,0.0,ARG,344.8672565747839
2836,2546,,,,,,0.0,0.0,0.0,,,,,,0.0,0.0,0.0,ARG,236.2788806560566
2837,782,22.66666666666667,0.021242673028760557,8.540608635861437,0.024068196610824308,0.5328276767835917,38.0,5.0,54.0,6.569105691056911,0.03268138355235123,6.3698088472647125,0.0526993018815756,3.3185570825442423,35.0,125.0,490.0,ARG,222.22009474814683
2851,796,19.259259259259263,0.014629682534871331,17.049140554259058,0.014311926638181855,0.7237960919205382,96.0,29.0,452.0,4.92573402417962,0.03789609166721092,4.892849758335898,0.07710706276591768,5.638975522645232,28.0,581.0,1340.0,ARG,234.58371278292063
2857,802,25.75,0.01130089251085018,21.02452144598695,0.01098472336075676,0.6976089355247941,132.0,18.0,366.0,,,,,,0.0,0.0,0.0,ARG,325.86184769036623
2858,803,15.45945945945946,0.012429219589494722,14.1428137158855,0.011553164483175388,0.7036356629270477,160.0,39.0,466.0,,,,,,0.0,0.0,0.0,ARG,435.51523690043103
2866,811,,,,,,0.0,0.0,0.0,,,,,,0.0,0.0,0.0,LYS,103.22625670943775
2878,823,,,,,,0.0,0.0,0.0,,,,,,0.0,0.0,0.0,LYS,116.23172339116392
2899,844,15.629629629629632,0.012022414256853079,14.717352570953569,0.010625278268139006,0.6076654325682547,168.0,56.0,696.0,19.089494163424124,0.007844218928032895,18.966440121535506,0.0072718335276017575,0.6928718626826181,339.0,516.0,8511.0,ARG,220.31703307614472
2901,846,44.66666666666666,0.004936875300292784,38.07041266634509,0.0038807213037489936,0.264102637402498,413.0,20.0,752.0,6.133824432166973,0.029773072533923212,6.119458707587937,0.0496561585160971,3.673132827468912,44.0,1631.0,5904.0,ARG,443.80964956942597
2919,864,,,,,,0.0,0.0,0.0,,,,,,0.0,0.0,0.0,LYS,143.3908375696431
2925,870,,,,,,0.0,0.0,0.0,,,,,,0.0,0.0,0.0,LYS,118.22413090149941
2958,903,,,,,,0.0,0.0,0.0,,,,,,0.0,0.0,0.0,ARG,281.5681540004527
2970,915,,,,,,0.0,0.0,0.0,,,,,,0.0,0.0,0.0,ARG,309.6333584378497
2971,916,,,,,,0.0,0.0,0.0,,,,,,0.0,0.0,0.0,LYS,145.5985315931104
2997,942,37.66666666666666,0.005444834576926432,34.63764148828144,0.004501659650971551,0.34777869159324554,399.0,38.0,1266.0,4.124513618677042,0.06977573176523827,4.061100583434647,,64.47717367598614,6.0,259.0,334.0,ARG,265.8302153742391
2998,943,6.4,0.0636145037589091,3.0856465658749683,0.19021817175041908,7.790382247416817,6.0,7.0,13.0,4.410256410256411,0.06932214461519735,3.9875205146885375,0.2446964048213117,30.2389511476089,7.0,41.0,57.0,ARG,250.61994109341256
3003,948,36.177777777777784,0.004047921838275253,33.833200961589945,0.0032656038936246154,0.3364399126606389,750.0,47.0,1513.0,4.171945701357466,0.05785058627658511,4.1532087773685245,0.10703243795064384,35.91599020517331,10.0,886.0,1296.0,ARG,384.6951243429308
3004,949,58.10526315789475,0.003153213209792261,49.8988153943621,0.0026982146521304378,0.2735693785937285,801.0,21.0,1044.0,8.81708945260347,0.016595111766902548,8.795766704753737,0.02024757878768376,1.6150037254574936,121.0,1500.0,9455.0,ARG,267.8457428521672
3022,967,310.6666666666667,0.001646921365399606,121.6520475517252,0.002801722287699405,0.4250767021624877,568.0,5.0,921.0,,,,,,0.0,0.0,0.0,ARG,425.0666231929238
3024,969,12.808080808080806,0.012629593786716048,12.383523811292775,0.01193968308819982,0.739498138953123,170.0,101.0,1015.0,4.166666666666667,0.9101342071765556,,,,3.0,50.0,54.0,ARG,286.3064047968827
3034,979,30.20689655172414,0.007762947915244701,27.07474325026993,0.007311490848399185,0.5359531824533558,233.0,31.0,807.0,5.6,0.9179417772202376,,,,1.0,7.0,7.0,LYS,112.49501660247003
3043,988,4.0,0.9094587065610252,,,,1.0,2.0,2.0,,,,,,0.0,0.0,0.0,LYS,94.28575515756837
3060,1005,,,,,,0.0,0.0,0.0,,,,,,0.0,0.0,0.0,ARG,340.11887184576204
3078,1023,205.33333333333331,0.0016195120019108047,150.68934425864177,0.0019622006999090863,0.2568583488977955,907.0,11.0,1827.0,11.073791348600507,0.010029573440814746,11.041818879818567,0.00983654837450613,0.8597513730780667,297.0,1181.0,10103.0,ARG,253.3803734681683
3079,1024,10.881355932203391,0.016512084571626184,10.567647662236947,0.017257658050396845,0.9936593600101776,110.0,120.0,974.0,8.966740576496674,0.009961684741927991,8.943765421655108,0.010518494274395844,1.0154834956349321,340.0,1355.0,8727.0,ARG,389.8097944360982
3080,1025,32.516129032258064,0.007598762049516119,29.36707349291883,0.007030079322193011,0.5095881691244399,231.0,33.0,928.0,14.405405405405405,0.006980183904461371,14.35032713662787,0.006807667416849337,0.8444861320697373,522.0,890.0,10557.0,ARG,247.0244115060558
3081,1026,14.469565217391304,0.0139270736343363,14.0450530318395,0.014089488317333997,0.9234293416640788,130.0,117.0,1360.0,4.219178082191782,0.06966722630406604,3.9963260030599685,0.17438389538760504,54.79180200422187,6.0,75.0,111.0,ARG,249.25297146949964
3086,1031,15.058823529411766,0.02018288282815372,13.629327820302205,0.0209834048812438,0.9126554141060366,60.0,36.0,429.0,12.56470588235294,0.005440010693679203,12.517202992502348,0.004424339486152373,0.5286696263232775,938.0,852.0,8517.0,ARG,253.72033817168705
3120,1065,,,,,,0.0,0.0,0.0,,,,,,0.0,0.0,0.0,ARG,345.4733579275625
3123,1068,,,,,,0.0,0.0,0.0,,,,,,0.0,0.0,0.0,LYS,102.58010455134125
3133,1078,,,,,,0.0,0.0,0.0,,,,,,0.0,0.0,0.0,LYS,99.55744223863533
3142,1087,,,,,,0.0,0.0,0.0,,,,,,0.0,0.0,0.0,ARG,282.19672140185423
3170,1115,12.578947368421053,0.02246697546768632,12.012120697271962,0.024586616059920432,1.1713155185161073,55.0,78.0,753.0,4.6443768996960495,0.0290037774466044,4.6171091481356665,0.06197858482164593,5.4437520700176485,48.0,660.0,1263.0,ARG,318.10570334322426
3176,1121,464.0,0.0012872581050647205,-439.6358350292334,23188323.14864795,-6.064057912267292,591.0,2.0,924.0,,,,,,0.0,0.0,0.0,ARG,247.04846403817064
3189,1134,26.064516129032263,0.011985752898085315,23.40209014139901,0.012018892623113736,0.8071185118654848,114.0,33.0,715.0,,,,,,0.0,0.0,0.0,ARG,282.03014077891044
3202,1147,,,,,,0.0,0.0,0.0,,,,,,0.0,0.0,0.0,ARG,655.3872172645814
3209,1154,,,,,,0.0,0.0,0.0,,,,,,0.0,0.0,0.0,LYS,131.4641581046387
3214,1159,,,,,,0.0,0.0,0.0,,,,,,0.0,0.0,0.0,ARG,329.69499140294283
3231,1176,,,,,,0.0,0.0,0.0,,,,,,0.0,0.0,0.0,ARG,414.31600893257576
3256,1201,34.18867924528302,0.007540890383000525,32.18318406536215,0.007032365832536685,0.5447307622672328,227.0,55.0,1683.0,6.494004796163068,0.02614714682710721,6.436006618822574,0.03920654836291208,2.5061310757872617,56.0,419.0,1642.0,LYS,101.67871452193427
3259,1204,12.56140350877193,0.013586550116522449,12.188746109406464,0.013856898184024326,0.9457548930951222,151.0,116.0,1124.0,5.1466666666666665,0.04470745358457298,5.015863711709554,0.0889048864118436,5.263469688977025,20.0,152.0,380.0,ARG,244.28113097372602
3279,1224,,,,,,0.0,0.0,0.0,,,,,,0.0,0.0,0.0,LYS,134.2927817986667
3311,1256,,,,,,0.0,0.0,0.0,,,,,,0.0,0.0,0.0,LYS,117.4903342585976
3317,1262,,,,,,0.0,0.0,0.0,,,,,,0.0,0.0,0.0,LYS,102.09946516364926
3322,1267,,,,,,0.0,0.0,0.0,,,,,,0.0,0.0,0.0,ARG,327.2805365124177
3324,1269,,,,,,0.0,0.0,0.0,,,,,,0.0,0.0,0.0,ARG,245.9061797514002
3349,1294,16.0,0.026334252551624054,8.590473762721471,0.029385164486944174,0.6870217714375768,30.0,7.0,65.0,,,,,,0.0,0.0,0.0,ARG,368.6484508616579
3350,1295,4.0,0.9094587065610252,,,,4.0,2.0,5.0,,,,,,0.0,0.0,0.0,ARG,360.16089197388845
3365,1310,27.63636363636364,0.009288669819187578,25.043596314004468,0.008970683703484542,0.6394064919932176,180.0,35.0,825.0,4.119402985074627,0.9099336400059692,,,,2.0,69.0,84.0,LYS,105.52793440272899
3373,1318,22.4,0.015862403978761448,12.50318193655281,0.015018030859060554,0.4457500237722925,72.0,7.0,97.0,,,,,,0.0,0.0,0.0,ARG,402.13516029398284
3384,1329,,,,,,0.0,0.0,0.0,,,,,,0.0,0.0,0.0,LYS,110.95945067310211
3390,1335,,,,,,0.0,0.0,0.0,,,,,,0.0,0.0,0.0,ARG,289.942314017191
3395,1340,,,,,,0.0,0.0,0.0,,,,,,0.0,0.0,0.0,LYS,101.82519704526649
3401,1346,,,,,,0.0,0.0,0.0,,,,,,0.0,0.0,0.0,LYS,95.38351649117237
3402,1347,,,,,,0.0,0.0,0.0,,,,,,0.0,0.0,0.0,ARG,257.55541282312964
3405,1350,,,,,,0.0,0.0,0.0,,,,,,0.0,0.0,0.0,LYS,98.02682539157914
3406,1351,,,,,,0.0,0.0,0.0,,,,,,0.0,0.0,0.0,ARG,252.80714604856826
3408,1353,,,,,,0.0,0.0,0.0,,,,,,0.0,0.0,0.0,ARG,313.12607975710137
3410,1355,,,,,,0.0,0.0,0.0,,,,,,0.0,0.0,0.0,LYS,99.83406310452587
3413,1358,,,,,,0.0,0.0,0.0,,,,,,0.0,0.0,0.0,LYS,99.76626722827088
3415,1360,,,,,,0.0,0.0,0.0,,,,,,0.0,0.0,0.0,ARG,286.22486757142093
3425,1497,19.68,0.011867723677418578,18.3925144024422,0.01197299424622635,0.8634722491090336,141.0,52.0,852.0,6.241758241758242,0.031143109741186368,6.1558779046721686,0.050772212889606025,3.0756532188522847,38.0,275.0,987.0,ARG,227.68455658934084
3446,1518,8.0,0.05815979634169075,2.4745516875458744,0.1174809666746815,4.462529310057311,5.0,5.0,12.0,5.48,0.0408185142981464,5.274549063054714,0.08126685445791007,4.086164336366316,24.0,102.0,291.0,ARG,269.1992520471776
3449,1521,,,,,,0.0,0.0,0.0,7.0,0.0615534553068089,2.8517689931387586,0.1597449535299389,6.17134947624331,5.0,6.0,11.0,ARG,295.45930245007384
3453,1525,65.33333333333333,0.0062242114557437885,28.58744669004836,0.005590395581787078,0.2133478799496552,179.0,5.0,184.0,8.0,0.9313291010207873,,,,1.0,4.0,4.0,LYS,101.15291889639107
3456,1528,,,,,,0.0,0.0,0.0,,,,,,0.0,0.0,0.0,ARG,340.4474704241624
3466,1538,,,,,,0.0,0.0,0.0,,,,,,0.0,0.0,0.0,ARG,440.33308271689725
3475,1547,,,,,,0.0,0.0,0.0,,,,,,0.0,0.0,0.0,ARG,420.18565566597937
3480,1552,,,,,,0.0,0.0,0.0,,,,,,0.0,0.0,0.0,ARG,239.23228459740272
3481,1553,,,,,,0.0,0.0,0.0,,,,,,0.0,0.0,0.0,ARG,245.94615730444698
3503,1575,,,,,,0.0,0.0,0.0,,,,,,0.0,0.0,0.0,ARG,372.4592866267427
3516,1664,,,,,,0.0,0.0,0.0,,,,,,0.0,0.0,0.0,ARG,261.2769588448755
3523,1671,,,,,,0.0,0.0,0.0,6.977886977886977,0.0292061657207094,6.914558101228844,0.041346651845677256,2.2083138584216435,41.0,409.0,1780.0,ARG,247.889537664253
3526,1674,,,,,,0.0,0.0,0.0,6.0,0.9203120248975788,,,,1.0,6.0,6.0,ARG,461.66637278304546
3529,1677,,,,,,0.0,0.0,0.0,,,,,,0.0,0.0,0.0,ARG,339.6604683909086
3576,1724,,,,,,0.0,0.0,0.0,,,,,,0.0,0.0,0.0,ARG,529.3147704392981
3579,1727,26.920634920634924,0.006070846945879432,25.620868555258173,0.005086680983865555,0.4312149211697911,427.0,65.0,1531.0,7.3572778827977325,0.01647069971355096,7.340195628651996,0.02231825582846665,2.0082221150107964,134.0,1589.0,7640.0,LYS,116.83042852276854
3580,1728,208.0,0.001593900148765437,150.87084029775758,0.002030889226567255,0.3393598594770315,925.0,11.0,1841.0,9.431619786614936,0.007340067218956906,9.401295162640713,0.006554095277965583,0.6834718598684669,610.0,1033.0,6978.0,ARG,226.3508176066634
3596,1744,,,,,,0.0,0.0,0.0,,,,,,0.0,0.0,0.0,LYS,200.60644153927893
3613,1761,,,,,,0.0,0.0,0.0,,,,,,0.0,0.0,0.0,ARG,342.4623500555413
3614,1762,,,,,,0.0,0.0,0.0,,,,,,0.0,0.0,0.0,ARG,365.47412821241
3618,1766,,,,,,0.0,0.0,0.0,,,,,,0.0,0.0,0.0,LYS,118.63798642392452
3624,1772,,,,,,0.0,0.0,0.0,,,,,,0.0,0.0,0.0,ARG,385.2528507818962
3630,1778,,,,,,0.0,0.0,0.0,,,,,,0.0,0.0,0.0,LYS,131.3250291363901
3636,1784,,,,,,0.0,0.0,0.0,,,,,,0.0,0.0,0.0,LYS,117.26714053823488
3649,1797,9.0,0.02283146607493949,8.535770254541495,0.027923991653259574,1.587128367894092,63.0,70.0,441.0,,,,,,0.0,0.0,0.0,ARG,416.3392539300452
3668,1960,11.636363636363635,0.010196174118297357,10.986149855776933,0.008031082016387225,0.4889133272633374,278.0,57.0,488.0,5.331230283911672,0.04466864945588566,5.298722896031992,0.08578684025685464,5.592477907378697,18.0,636.0,1763.0,ARG,244.91388389551292
3677,1969,85.71428571428571,0.0038383754783032336,57.14192522864335,0.0041166902960868106,0.3279511842391073,372.0,9.0,581.0,,,,,,0.0,0.0,0.0,LYS,107.42694762691728
3679,1971,5.8604651162790695,0.04016114978876032,5.373105149577841,0.06517607976531471,2.8062295561838257,21.0,45.0,139.0,,,,,,0.0,0.0,0.0,ARG,521.4851088340163
3708,2000,,,,,,0.0,0.0,0.0,,,,,,0.0,0.0,0.0,LYS,131.05141825953953
3743,2035,,,,,,0.0,0.0,0.0,,,,,,0.0,0.0,0.0,ARG,421.27336290947056
3748,2040,15.476635514018692,0.006800495608803229,15.027295967513304,0.00526834796771342,0.4597239038338461,526.0,109.0,1365.0,4.514563106796118,0.03800773042853554,4.493076687291747,0.09356227704485562,10.083245481428198,25.0,826.0,1505.0,ARG,321.3402857937648
3749,2041,67.6,0.0043200672782869815,51.01586514643861,0.003960916582489872,0.2675812783873712,367.0,12.0,647.0,5.502230151650312,0.019542700986731963,5.483639579706783,0.03327906862730362,3.1920418293789137,102.0,1123.0,3353.0,LYS,105.53249433212396
3754,2046,,,,,,0.0,0.0,0.0,,,,,,0.0,0.0,0.0,LYS,108.75692637368263
3779,2071,,,,,,0.0,0.0,0.0,,,,,,0.0,0.0,0.0,ARG,352.1793449824546
3794,2086,,,,,,0.0,0.0,0.0,,,,,,0.0,0.0,0.0,LYS,112.58367987299098
3806,2098,,,,,,0.0,0.0,0.0,,,,,,0.0,0.0,0.0,ARG,540.6767225708722
3812,2104,128.0,0.0023436063330097142,86.14533302269423,0.0026160112336033018,0.2771498866241821,685.0,9.0,877.0,4.0,0.9094587065610252,,,,1.0,1.0,1.0,ARG,287.04871025502894
3820,2112,35.692307692307686,0.006048228340644404,31.75410737226873,0.005257858254313004,0.3855247796937256,334.0,28.0,860.0,11.108593012275731,0.018178894008365764,11.070442493656694,0.021497567460663385,1.7075124105216752,90.0,1061.0,9135.0,LYS,89.9864636466378
3821,2113,466.0,0.0010718360624675518,-120.15665073970231,0.0022734468249717104,-0.07482338801046763,906.0,2.0,928.0,9.319969159599074,0.024427592290867748,9.293348432174056,0.031638842911015666,2.1790831352355204,54.0,1299.0,8910.0,LYS,94.52267196981701
3834,2126,,,,,,0.0,0.0,0.0,,,,,,0.0,0.0,0.0,ARG,302.43471887274455
3843,2135,,,,,,0.0,0.0,0.0,,,,,,0.0,0.0,0.0,ARG,324.65991098859564
3874,2166,,,,,,0.0,0.0,0.0,,,,,,0.0,0.0,0.0,LYS,118.01338991971035
3877,2169,,,,,,0.0,0.0,0.0,,,,,,0.0,0.0,0.0,ARG,280.95264759267104
3881,2173,,,,,,0.0,0.0,0.0,,,,,,0.0,0.0,0.0,LYS,108.19210327616199
3882,2174,47.07692307692307,0.006690906327523526,36.496839905018454,0.007383241448258206,0.8578501680111938,218.0,15.0,573.0,4.328708644610459,0.0578365132433151,4.310434801051951,0.14991209269881947,19.75392219301942,9.0,939.0,1618.0,LYS,96.69729927753828
3887,2179,20.645161290322577,0.014560128830869976,18.51303556150714,0.01474399504530491,0.8931333629811993,96.0,33.0,550.0,,,,,,0.0,0.0,0.0,LYS,89.74602851509768
3890,2182,928.0,0.0006545596926037615,252.18680489137597,0.0015902773357524404,0.3150841099350427,1140.0,4.0,1849.0,7.956678700361012,0.015094584829900948,7.936453110662263,0.017112786279794037,1.1810802062733732,155.0,1387.0,7401.0,LYS,99.42672144053967
3891,2183,11.376623376623375,0.013590203411434364,10.891219839560936,0.013118239150049327,0.7875441415305376,157.0,79.0,680.0,5.7653457653457645,0.023375650453821936,5.7484669656347736,0.03788444664369453,2.8745693109683907,70.0,1289.0,4103.0,LYS,119.38773176869354
3892,2184,54.0,0.003068530995525652,47.802886619880816,0.0026157824925542987,0.2857459760976315,899.0,26.0,1241.0,8.165223184543638,0.01776238540958045,8.145421883437246,0.02252096582789148,1.7123749969698354,111.0,1503.0,8473.0,LYS,98.74717401999543
3893,2185,31.272727272727273,0.006887553344629442,29.465559309919797,0.006591344539106484,0.6484792625136822,295.0,57.0,1577.0,13.478079331941546,0.01262095729433765,13.429479294142634,0.012881046845213608,0.9879238198990884,168.0,960.0,10529.0,LYS,114.5720749990964
3896,2188,,,,,,0.0,0.0,0.0,6.666666666666668,0.9241836675359208,,,,1.0,5.0,5.0,LYS,289.8227910910398
3922,2214,,,,,,0.0,0.0,0.0,,,,,,0.0,0.0,0.0,ARG,324.1568758317299
3939,2231,,,,,,0.0,0.0,0.0,,,,,,0.0,0.0,0.0,LYS,100.65708144719194
4003,2295,,,,,,0.0,0.0,0.0,,,,,,0.0,0.0,0.0,ARG,465.83939812194274
4009,2301,,,,,,0.0,0.0,0.0,,,,,,0.0,0.0,0.0,ARG,387.7943088233256
4013,2305,,,,,,0.0,0.0,0.0,,,,,,0.0,0.0,0.0,LYS,125.04031971999652
4026,2318,,,,,,0.0,0.0,0.0,,,,,,0.0,0.0,0.0,ARG,326.83017763976164
4033,2325,,,,,,0.0,0.0,0.0,,,,,,0.0,0.0,0.0,ARG,854.7430154006798
4037,2329,,,,,,0.0,0.0,0.0,,,,,,0.0,0.0,0.0,LYS,104.19986696942583
4047,2339,,,,,,0.0,0.0,0.0,,,,,,0.0,0.0,0.0,LYS,126.7009010531521
4059,2351,,,,,,0.0,0.0,0.0,,,,,,0.0,0.0,0.0,ARG,696.5167985817325
4060,2352,,,,,,0.0,0.0,0.0,,,,,,0.0,0.0,0.0,ARG,309.5092679409527
4069,2361,,,,,,0.0,0.0,0.0,,,,,,0.0,0.0,0.0,ARG,270.96071552267966
4082,2374,,,,,,0.0,0.0,0.0,,,,,,0.0,0.0,0.0,LYS,99.31957359935483
4085,2377,,,,,,0.0,0.0,0.0,,,,,,0.0,0.0,0.0,ARG,374.8476617041311
4096,2388,,,,,,0.0,0.0,0.0,,,,,,0.0,0.0,0.0,LYS,108.73593080445839
4110,2402,,,,,,0.0,0.0,0.0,,,,,,0.0,0.0,0.0,ARG,399.0426532118918
4114,2406,,,,,,0.0,0.0,0.0,,,,,,0.0,0.0,0.0,ARG,310.257253622768
4115,2407,,,,,,0.0,0.0,0.0,,,,,,0.0,0.0,0.0,ARG,452.36204472774216
4130,2422,,,,,,0.0,0.0,0.0,,,,,,0.0,0.0,0.0,LYS,123.10586415473665
4146,2438,,,,,,0.0,0.0,0.0,,,,,,0.0,0.0,0.0,LYS,102.25215754720753
4160,2452,,,,,,0.0,0.0,0.0,,,,,,0.0,0.0,0.0,LYS,127.84030628254182
4187,2479,,,,,,0.0,0.0,0.0,,,,,,0.0,0.0,0.0,LYS,123.98741134093903
4190,2482,,,,,,0.0,0.0,0.0,,,,,,0.0,0.0,0.0,ARG,764.8066554339036
4210,2502,,,,,,0.0,0.0,0.0,,,,,,0.0,0.0,0.0,ARG,285.58523959332797
4213,2505,,,,,,0.0,0.0,0.0,,,,,,0.0,0.0,0.0,LYS,109.93450142606513
4222,2514,,,,,,0.0,0.0,0.0,,,,,,0.0,0.0,0.0,ARG,438.283158677565
4225,2517,14.25,0.01490730910736499,12.832377340457196,0.015128280112656944,0.8315437064630861,113.0,34.0,363.0,12.0,0.9473982549724328,,,,1.0,3.0,3.0,ARG,452.1236560709194
4236,2528,,,,,,0.0,0.0,0.0,,,,,,0.0,0.0,0.0,LYS,98.48126985623792
4242,2534,,,,,,0.0,0.0,0.0,,,,,,0.0,0.0,0.0,ARG,498.9365622565076
4249,2541,,,,,,0.0,0.0,0.0,,,,,,0.0,0.0,0.0,LYS,116.65915785417097
4252,2544,,,,,,0.0,0.0,0.0,,,,,,0.0,0.0,0.0,ARG,248.60219131436256
4254,2546,,,,,,0.0,0.0,0.0,,,,,,0.0,0.0,0.0,ARG,251.310268752483
